,gene_id,SNPs,selected_hets,ratio
0,AGAP004677,0,0,
1,AGAP004678,0,0,
2,AGAP004679,0,0,
3,AGAP004680,0,0,
4,AGAP004681,0,0,
5,AGAP004682,0,0,
6,AGAP004683,0,0,
7,AGAP004684,0,0,
8,AGAP004685,0,0,
9,AGAP004686,0,0,
10,AGAP004687,0,0,
11,AGAP004689,1,0,0.0
12,AGAP004690,0,0,
13,AGAP004691,0,0,
14,AGAP004692,3,0,0.0
15,AGAP004693,3,0,0.0
16,AGAP004694,0,0,
17,AGAP004695,0,0,
18,AGAP004696,0,0,
19,AGAP004698,0,0,
20,AGAP004699,0,0,
21,AGAP004700,0,0,
22,AGAP004703,2,0,0.0
23,AGAP004704,1,0,0.0
24,AGAP004706,0,0,
25,AGAP004707,2,0,0.0
26,AGAP004708,0,0,
27,AGAP004709,0,0,
28,AGAP004710,0,0,
29,AGAP004711,0,0,
30,AGAP004712,0,0,
31,AGAP004713,0,0,
32,AGAP004714,2,0,0.0
33,AGAP004715,5,0,0.0
34,AGAP004716,3,0,0.0
35,AGAP004717,1,0,0.0
36,AGAP004718,0,0,
37,AGAP004719,2,0,0.0
38,AGAP004720,0,0,
39,AGAP004722,0,0,
40,AGAP004723,0,0,
41,AGAP004724,1,0,0.0
42,AGAP004725,1,0,0.0
43,AGAP004726,4,0,0.0
44,AGAP004727,0,0,
45,AGAP004728,4,0,0.0
46,AGAP004729,0,0,
47,AGAP004730,2,0,0.0
48,AGAP004731,2,0,0.0
49,AGAP004733,3,0,0.0
50,AGAP004735,2,0,0.0
51,AGAP004736,1,0,0.0
52,AGAP004737,0,0,
53,AGAP004738,1,0,0.0
54,AGAP004739,1,0,0.0
55,AGAP004740,4,0,0.0
56,AGAP004741,1,0,0.0
57,AGAP004742,2,0,0.0
58,AGAP004743,0,0,
59,AGAP004744,1,0,0.0
60,AGAP004745,1,0,0.0
61,AGAP004746,1,0,0.0
62,AGAP004747,2,0,0.0
63,AGAP004748,1,0,0.0
64,AGAP004749,3,0,0.0
65,AGAP004750,5,1,0.2
66,AGAP004751,7,0,0.0
67,AGAP004752,0,0,
68,AGAP004753,1,0,0.0
69,AGAP004754,2,0,0.0
70,AGAP004755,1,0,0.0
71,AGAP004756,1,0,0.0
72,AGAP004757,5,0,0.0
73,AGAP004758,0,0,
74,AGAP004759,0,0,
75,AGAP004760,5,0,0.0
76,AGAP004761,8,0,0.0
77,AGAP004762,3,0,0.0
78,AGAP004763,0,0,
79,AGAP004764,3,0,0.0
80,AGAP004765,4,2,0.5
81,AGAP004766,5,1,0.2
82,AGAP004767,9,0,0.0
83,AGAP004768,3,0,0.0
84,AGAP004769,13,0,0.0
85,AGAP004770,4,0,0.0
86,AGAP004771,0,0,
87,AGAP004772,9,0,0.0
88,AGAP004773,0,0,
89,AGAP004774,21,0,0.0
90,AGAP004775,4,0,0.0
91,AGAP004776,11,0,0.0
92,AGAP004777,11,0,0.0
93,AGAP004778,0,0,
94,AGAP004780,3,1,0.3333333333333333
95,AGAP004781,1,0,0.0
96,AGAP004782,0,0,
97,AGAP004783,0,0,
98,AGAP004784,4,0,0.0
99,AGAP004785,1,0,0.0
100,AGAP004786,0,0,
101,AGAP004787,1,0,0.0
102,AGAP004788,0,0,
103,AGAP004789,0,0,
104,AGAP004790,0,0,
105,AGAP004791,0,0,
106,AGAP004792,5,2,0.4
107,AGAP004793,0,0,
108,AGAP004794,3,0,0.0
109,AGAP004795,2,0,0.0
110,AGAP004797,3,0,0.0
111,AGAP004798,4,1,0.25
112,AGAP004799,4,0,0.0
113,AGAP004800,18,1,0.05555555555555555
114,AGAP004801,15,0,0.0
115,AGAP004802,8,0,0.0
116,AGAP004803,6,0,0.0
117,AGAP004804,3,0,0.0
118,AGAP004805,14,1,0.07142857142857142
119,AGAP004806,4,0,0.0
120,AGAP004807,0,0,
121,AGAP004808,14,0,0.0
122,AGAP004809,13,0,0.0
123,AGAP004810,8,0,0.0
124,AGAP004811,6,0,0.0
125,AGAP004812,8,0,0.0
126,AGAP004813,0,0,
127,AGAP004814,1,0,0.0
128,AGAP004815,0,0,
129,AGAP004816,0,0,
130,AGAP004817,11,0,0.0
131,AGAP004818,5,0,0.0
132,AGAP004819,6,0,0.0
133,AGAP004820,1,0,0.0
134,AGAP004821,0,0,
135,AGAP004823,5,0,0.0
136,AGAP004824,0,0,
137,AGAP004825,0,0,
138,AGAP004826,0,0,
139,AGAP004827,12,0,0.0
140,AGAP004828,10,0,0.0
141,AGAP004829,0,0,
142,AGAP004830,2,0,0.0
143,AGAP004831,6,0,0.0
144,AGAP004832,7,0,0.0
145,AGAP004833,0,0,
146,AGAP004834,3,0,0.0
147,AGAP004835,24,0,0.0
148,AGAP004838,0,0,
149,AGAP004839,0,0,
150,AGAP004840,5,0,0.0
151,AGAP004841,9,0,0.0
152,AGAP004842,2,0,0.0
153,AGAP004843,6,0,0.0
154,AGAP004844,4,0,0.0
155,AGAP004845,1,0,0.0
156,AGAP004846,9,0,0.0
157,AGAP004847,3,0,0.0
158,AGAP004848,4,1,0.25
159,AGAP004849,8,0,0.0
160,AGAP004850,5,0,0.0
161,AGAP004851,0,0,
162,AGAP004852,5,1,0.2
163,AGAP004853,2,0,0.0
164,AGAP004854,5,0,0.0
165,AGAP004855,1,0,0.0
166,AGAP004856,2,0,0.0
167,AGAP004859,4,0,0.0
168,AGAP004860,1,0,0.0
169,AGAP004861,0,0,
170,AGAP004862,1,0,0.0
171,AGAP004863,3,0,0.0
172,AGAP004864,3,0,0.0
173,AGAP004865,1,1,1.0
174,AGAP004866,4,0,0.0
175,AGAP004867,0,0,
176,AGAP004870,4,0,0.0
177,AGAP004871,7,0,0.0
178,AGAP004872,4,0,0.0
179,AGAP004873,4,0,0.0
180,AGAP004874,2,0,0.0
181,AGAP004875,0,0,
182,AGAP004876,0,0,
183,AGAP004877,2,0,0.0
184,AGAP004878,0,0,
185,AGAP004879,2,0,0.0
186,AGAP004880,0,0,
187,AGAP004881,0,0,
188,AGAP004882,0,0,
189,AGAP004883,0,0,
190,AGAP004884,0,0,
191,AGAP004885,0,0,
192,AGAP004886,0,0,
193,AGAP004887,0,0,
194,AGAP004888,2,0,0.0
195,AGAP004889,0,0,
196,AGAP004890,4,1,0.25
197,AGAP004891,1,0,0.0
198,AGAP004892,1,0,0.0
199,AGAP004893,0,0,
200,AGAP004894,0,0,
201,AGAP004895,1,0,0.0
202,AGAP004896,3,0,0.0
203,AGAP004899,3,0,0.0
204,AGAP004900,2,0,0.0
205,AGAP004901,0,0,
206,AGAP004902,1,0,0.0
207,AGAP004903,0,0,
208,AGAP004904,1,0,0.0
209,AGAP004905,1,0,0.0
210,AGAP004906,1,0,0.0
211,AGAP004907,2,0,0.0
212,AGAP004908,10,0,0.0
213,AGAP004909,0,0,
214,AGAP004910,1,1,1.0
215,AGAP004911,0,0,
216,AGAP004912,4,0,0.0
217,AGAP004913,2,0,0.0
218,AGAP004914,0,0,
219,AGAP004915,2,0,0.0
220,AGAP004916,0,0,
221,AGAP004917,2,0,0.0
222,AGAP004918,2,0,0.0
223,AGAP004919,0,0,
224,AGAP004920,0,0,
225,AGAP004921,0,0,
226,AGAP004923,0,0,
227,AGAP004924,0,0,
228,AGAP004925,0,0,
229,AGAP004926,0,0,
230,AGAP004927,0,0,
231,AGAP004928,1,0,0.0
232,AGAP004929,0,0,
233,AGAP004930,1,0,0.0
234,AGAP004931,1,0,0.0
235,AGAP004933,0,0,
236,AGAP004934,2,0,0.0
237,AGAP004935,5,0,0.0
238,AGAP004936,0,0,
239,AGAP004937,5,1,0.2
240,AGAP004938,1,0,0.0
241,AGAP004940,0,0,
242,AGAP004941,0,0,
243,AGAP004942,5,2,0.4
244,AGAP004943,2,0,0.0
245,AGAP004944,0,0,
246,AGAP004945,0,0,
247,AGAP004946,3,1,0.3333333333333333
248,AGAP004947,1,0,0.0
249,AGAP004948,3,0,0.0
250,AGAP004951,2,0,0.0
251,AGAP004952,0,0,
252,AGAP004953,0,0,
253,AGAP004954,0,0,
254,AGAP004955,3,0,0.0
255,AGAP004956,1,0,0.0
256,AGAP004957,3,0,0.0
257,AGAP004958,1,0,0.0
258,AGAP004959,0,0,
259,AGAP004960,0,0,
260,AGAP004961,3,0,0.0
261,AGAP004962,0,0,
262,AGAP004963,1,0,0.0
263,AGAP004964,0,0,
264,AGAP004965,0,0,
265,AGAP004968,7,0,0.0
266,AGAP004969,12,0,0.0
267,AGAP004970,4,0,0.0
268,AGAP004971,1,0,0.0
269,AGAP004972,0,0,
270,AGAP004973,0,0,
271,AGAP004974,0,0,
272,AGAP004975,0,0,
273,AGAP004976,0,0,
274,AGAP004977,2,0,0.0
275,AGAP004978,0,0,
276,AGAP004979,0,0,
277,AGAP004980,0,0,
278,AGAP004981,1,0,0.0
279,AGAP004982,1,0,0.0
280,AGAP004983,0,0,
281,AGAP004984,0,0,
282,AGAP004985,0,0,
283,AGAP004986,0,0,
284,AGAP004987,0,0,
285,AGAP004988,0,0,
286,AGAP004989,3,2,0.6666666666666666
287,AGAP004990,0,0,
288,AGAP004991,1,1,1.0
289,AGAP004992,2,0,0.0
290,AGAP004993,3,0,0.0
291,AGAP004996,1,0,0.0
292,AGAP004997,0,0,
293,AGAP004998,0,0,
294,AGAP004999,0,0,
295,AGAP005000,0,0,
296,AGAP005001,0,0,
297,AGAP005002,1,0,0.0
298,AGAP005003,0,0,
299,AGAP005004,0,0,
300,AGAP005005,0,0,
301,AGAP005006,0,0,
302,AGAP005007,0,0,
303,AGAP005008,0,0,
304,AGAP005009,0,0,
305,AGAP005010,2,0,0.0
306,AGAP005011,3,0,0.0
307,AGAP005012,0,0,
308,AGAP005013,0,0,
309,AGAP005014,1,0,0.0
310,AGAP005015,1,1,1.0
311,AGAP005017,4,0,0.0
312,AGAP005018,1,0,0.0
313,AGAP005019,2,0,0.0
314,AGAP005020,1,0,0.0
315,AGAP005021,6,1,0.16666666666666666
316,AGAP005022,1,0,0.0
317,AGAP005023,0,0,
318,AGAP005024,0,0,
319,AGAP005025,0,0,
320,AGAP005026,0,0,
321,AGAP005027,0,0,
322,AGAP005028,0,0,
323,AGAP005029,0,0,
324,AGAP005030,5,1,0.2
325,AGAP005031,3,1,0.3333333333333333
326,AGAP005032,1,1,1.0
327,AGAP005033,4,0,0.0
328,AGAP005034,1,0,0.0
329,AGAP005035,1,0,0.0
330,AGAP005036,0,0,
331,AGAP005037,4,0,0.0
332,AGAP005038,0,0,
333,AGAP005039,0,0,
334,AGAP005040,3,0,0.0
335,AGAP005041,3,0,0.0
336,AGAP005042,2,0,0.0
337,AGAP005043,1,0,0.0
338,AGAP005044,0,0,
339,AGAP005045,0,0,
340,AGAP005046,0,0,
341,AGAP005047,0,0,
342,AGAP005048,0,0,
343,AGAP005049,0,0,
344,AGAP005050,0,0,
345,AGAP005051,0,0,
346,AGAP005052,8,6,0.75
347,AGAP005053,0,0,
348,AGAP005054,0,0,
349,AGAP005055,1,0,0.0
350,AGAP005056,0,0,
351,AGAP005057,1,0,0.0
352,AGAP005058,11,2,0.18181818181818182
353,AGAP005059,0,0,
354,AGAP005060,0,0,
355,AGAP005061,1,0,0.0
356,AGAP005062,3,0,0.0
357,AGAP005063,0,0,
358,AGAP005064,2,0,0.0
359,AGAP005065,0,0,
360,AGAP005066,0,0,
361,AGAP005068,1,0,0.0
362,AGAP005069,1,0,0.0
363,AGAP005070,0,0,
364,AGAP005071,0,0,
365,AGAP005072,2,0,0.0
366,AGAP005073,2,0,0.0
367,AGAP005074,7,0,0.0
368,AGAP005075,0,0,
369,AGAP005076,2,0,0.0
370,AGAP005077,4,0,0.0
371,AGAP005079,3,0,0.0
372,AGAP005080,0,0,
373,AGAP005081,1,0,0.0
374,AGAP005082,11,2,0.18181818181818182
375,AGAP005083,0,0,
376,AGAP005084,0,0,
377,AGAP005088,3,0,0.0
378,AGAP005089,0,0,
379,AGAP005090,0,0,
380,AGAP005091,4,0,0.0
381,AGAP005092,2,0,0.0
382,AGAP005093,10,0,0.0
383,AGAP005094,0,0,
384,AGAP005095,0,0,
385,AGAP005096,2,0,0.0
386,AGAP005098,0,0,
387,AGAP005099,4,0,0.0
388,AGAP005100,0,0,
389,AGAP005101,10,0,0.0
390,AGAP005102,0,0,
391,AGAP005103,0,0,
392,AGAP005104,1,0,0.0
393,AGAP005105,2,1,0.5
394,AGAP005106,1,0,0.0
395,AGAP005108,2,0,0.0
396,AGAP005109,0,0,
397,AGAP005110,0,0,
398,AGAP005111,1,0,0.0
399,AGAP005113,2,0,0.0
400,AGAP005114,0,0,
401,AGAP005115,5,1,0.2
402,AGAP005116,0,0,
403,AGAP005117,0,0,
404,AGAP005118,3,0,0.0
405,AGAP005119,5,0,0.0
406,AGAP005120,0,0,
407,AGAP005121,5,0,0.0
408,AGAP005122,1,1,1.0
409,AGAP005123,0,0,
410,AGAP005124,2,0,0.0
411,AGAP005125,1,0,0.0
412,AGAP005126,1,0,0.0
413,AGAP005127,4,2,0.5
414,AGAP005128,2,0,0.0
415,AGAP005129,0,0,
416,AGAP005130,1,0,0.0
417,AGAP005131,0,0,
418,AGAP005132,0,0,
419,AGAP005133,3,0,0.0
420,AGAP005134,2,1,0.5
421,AGAP005135,3,1,0.3333333333333333
422,AGAP005136,0,0,
423,AGAP005137,1,0,0.0
424,AGAP005138,4,0,0.0
425,AGAP005139,2,1,0.5
426,AGAP005141,1,0,0.0
427,AGAP005142,0,0,
428,AGAP005143,2,1,0.5
429,AGAP005144,4,0,0.0
430,AGAP005145,1,0,0.0
431,AGAP005146,3,0,0.0
432,AGAP005147,4,1,0.25
433,AGAP005148,3,0,0.0
434,AGAP005149,1,0,0.0
435,AGAP005150,1,0,0.0
436,AGAP005152,3,0,0.0
437,AGAP005153,4,2,0.5
438,AGAP005155,16,3,0.1875
439,AGAP005156,13,1,0.07692307692307693
440,AGAP005157,0,0,
441,AGAP005158,3,0,0.0
442,AGAP005159,2,0,0.0
443,AGAP005160,0,0,
444,AGAP005161,0,0,
445,AGAP005162,0,0,
446,AGAP005163,0,0,
447,AGAP005164,0,0,
448,AGAP005165,1,0,0.0
449,AGAP005166,2,0,0.0
450,AGAP005167,0,0,
451,AGAP005168,1,0,0.0
452,AGAP005169,0,0,
453,AGAP005170,1,0,0.0
454,AGAP005171,0,0,
455,AGAP005172,0,0,
456,AGAP005173,10,0,0.0
457,AGAP005174,11,0,0.0
458,AGAP005175,23,2,0.08695652173913043
459,AGAP005176,9,1,0.1111111111111111
460,AGAP005177,6,0,0.0
461,AGAP005178,4,0,0.0
462,AGAP005179,2,0,0.0
463,AGAP005180,5,0,0.0
464,AGAP005182,2,0,0.0
465,AGAP005183,6,0,0.0
466,AGAP005185,2,0,0.0
467,AGAP005187,47,2,0.0425531914893617
468,AGAP005188,4,0,0.0
469,AGAP005189,6,0,0.0
470,AGAP005190,2,0,0.0
471,AGAP005191,7,1,0.14285714285714285
472,AGAP005192,8,0,0.0
473,AGAP005193,32,1,0.03125
474,AGAP005194,19,0,0.0
475,AGAP005195,2,0,0.0
476,AGAP005196,4,0,0.0
477,AGAP005197,7,0,0.0
478,AGAP005198,8,0,0.0
479,AGAP005201,8,0,0.0
480,AGAP005202,11,0,0.0
481,AGAP005203,13,0,0.0
482,AGAP005205,20,0,0.0
483,AGAP005206,1,0,0.0
484,AGAP005207,6,0,0.0
485,AGAP005208,4,0,0.0
486,AGAP005209,0,0,
487,AGAP005210,0,0,
488,AGAP005211,0,0,
489,AGAP005212,0,0,
490,AGAP005213,0,0,
491,AGAP005214,0,0,
492,AGAP005215,0,0,
493,AGAP005216,0,0,
494,AGAP005217,0,0,
495,AGAP005218,0,0,
496,AGAP005219,0,0,
497,AGAP005220,0,0,
498,AGAP005221,0,0,
499,AGAP005222,0,0,
500,AGAP005223,0,0,
501,AGAP005224,0,0,
502,AGAP005225,0,0,
503,AGAP005226,0,0,
504,AGAP005227,0,0,
505,AGAP005228,0,0,
506,AGAP005229,0,0,
507,AGAP005233,2,0,0.0
508,AGAP005234,1,1,1.0
509,AGAP005235,1,0,0.0
510,AGAP005236,3,1,0.3333333333333333
511,AGAP005237,1,0,0.0
512,AGAP005238,2,0,0.0
513,AGAP005239,1,0,0.0
514,AGAP005240,0,0,
515,AGAP005241,2,2,1.0
516,AGAP005242,0,0,
517,AGAP005243,3,0,0.0
518,AGAP005244,2,1,0.5
519,AGAP005245,0,0,
520,AGAP005246,0,0,
521,AGAP005247,0,0,
522,AGAP005248,0,0,
523,AGAP005249,0,0,
524,AGAP005250,0,0,
525,AGAP005251,0,0,
526,AGAP005252,0,0,
527,AGAP005253,0,0,
528,AGAP005254,0,0,
529,AGAP005255,0,0,
530,AGAP005256,0,0,
531,AGAP005259,0,0,
532,AGAP005260,0,0,
533,AGAP005261,0,0,
534,AGAP005262,0,0,
535,AGAP005263,0,0,
536,AGAP005264,0,0,
537,AGAP005265,0,0,
538,AGAP005266,0,0,
539,AGAP005267,1,0,0.0
540,AGAP005268,0,0,
541,AGAP005269,5,0,0.0
542,AGAP005270,0,0,
543,AGAP005271,1,0,0.0
544,AGAP005272,1,1,1.0
545,AGAP005273,2,0,0.0
546,AGAP005274,2,1,0.5
547,AGAP005275,3,1,0.3333333333333333
548,AGAP005277,0,0,
549,AGAP005279,3,0,0.0
550,AGAP005280,4,0,0.0
551,AGAP005281,3,1,0.3333333333333333
552,AGAP005282,1,0,0.0
553,AGAP005283,1,0,0.0
554,AGAP005285,11,0,0.0
555,AGAP005287,1,0,0.0
556,AGAP005288,6,0,0.0
557,AGAP005289,1,0,0.0
558,AGAP005290,3,0,0.0
559,AGAP005291,7,0,0.0
560,AGAP005292,3,0,0.0
561,AGAP005293,7,0,0.0
562,AGAP005294,1,0,0.0
563,AGAP005295,0,0,
564,AGAP005296,3,0,0.0
565,AGAP005297,2,0,0.0
566,AGAP005298,0,0,
567,AGAP005299,9,0,0.0
568,AGAP005300,14,2,0.14285714285714285
569,AGAP005301,6,0,0.0
570,AGAP005302,3,0,0.0
571,AGAP005305,0,0,
572,AGAP005306,10,2,0.2
573,AGAP005307,1,0,0.0
574,AGAP005308,6,0,0.0
575,AGAP005309,5,0,0.0
576,AGAP005310,0,0,
577,AGAP005311,0,0,
578,AGAP005312,3,0,0.0
579,AGAP005313,2,0,0.0
580,AGAP005314,0,0,
581,AGAP005315,0,0,
582,AGAP005316,3,3,1.0
583,AGAP005317,0,0,
584,AGAP005318,0,0,
585,AGAP005319,0,0,
586,AGAP005320,0,0,
587,AGAP005321,2,1,0.5
588,AGAP005322,4,0,0.0
589,AGAP005323,0,0,
590,AGAP005324,5,0,0.0
591,AGAP005325,2,1,0.5
592,AGAP005326,0,0,
593,AGAP005327,0,0,
594,AGAP005328,1,0,0.0
595,AGAP005329,10,0,0.0
596,AGAP005330,4,0,0.0
597,AGAP005331,0,0,
598,AGAP005334,5,0,0.0
599,AGAP005335,0,0,
600,AGAP005336,1,0,0.0
601,AGAP005337,4,0,0.0
602,AGAP005338,0,0,
603,AGAP005339,0,0,
604,AGAP005340,8,0,0.0
605,AGAP005341,2,0,0.0
606,AGAP005342,2,1,0.5
607,AGAP005343,10,3,0.3
608,AGAP005344,0,0,
609,AGAP005345,1,0,0.0
610,AGAP005346,0,0,
611,AGAP005347,7,3,0.42857142857142855
612,AGAP005348,1,0,0.0
613,AGAP005349,3,0,0.0
614,AGAP005350,1,0,0.0
615,AGAP005351,1,0,0.0
616,AGAP005352,4,1,0.25
617,AGAP005353,0,0,
618,AGAP005356,0,0,
619,AGAP005359,16,1,0.0625
620,AGAP005360,2,0,0.0
621,AGAP005361,1,0,0.0
622,AGAP005362,4,0,0.0
623,AGAP005363,1,0,0.0
624,AGAP005364,1,0,0.0
625,AGAP005365,3,0,0.0
626,AGAP005366,2,1,0.5
627,AGAP005368,2,0,0.0
628,AGAP005369,7,3,0.42857142857142855
629,AGAP005370,2,0,0.0
630,AGAP005371,1,1,1.0
631,AGAP005372,7,0,0.0
632,AGAP005373,4,0,0.0
633,AGAP005374,7,2,0.2857142857142857
634,AGAP005375,2,1,0.5
635,AGAP005376,0,0,
636,AGAP005377,0,0,
637,AGAP005378,3,0,0.0
638,AGAP005379,1,1,1.0
639,AGAP005380,1,0,0.0
640,AGAP005381,1,1,1.0
641,AGAP005382,0,0,
642,AGAP005383,1,0,0.0
643,AGAP005384,0,0,
644,AGAP005385,0,0,
645,AGAP005386,6,0,0.0
646,AGAP005387,0,0,
647,AGAP005388,2,0,0.0
648,AGAP005389,0,0,
649,AGAP005390,7,0,0.0
650,AGAP005391,8,1,0.125
651,AGAP005392,6,0,0.0
652,AGAP005393,3,0,0.0
653,AGAP005394,17,0,0.0
654,AGAP005396,4,0,0.0
655,AGAP005397,3,0,0.0
656,AGAP005398,0,0,
657,AGAP005399,4,0,0.0
658,AGAP005400,2,0,0.0
659,AGAP005401,0,0,
660,AGAP005402,0,0,
661,AGAP005403,0,0,
662,AGAP005404,0,0,
663,AGAP005405,5,5,1.0
664,AGAP005406,2,1,0.5
665,AGAP005407,1,0,0.0
666,AGAP005408,6,0,0.0
667,AGAP005409,0,0,
668,AGAP005410,1,0,0.0
669,AGAP005411,6,0,0.0
670,AGAP005412,2,0,0.0
671,AGAP005413,0,0,
672,AGAP005414,1,0,0.0
673,AGAP005415,2,0,0.0
674,AGAP005416,1,0,0.0
675,AGAP005417,3,0,0.0
676,AGAP005418,4,3,0.75
677,AGAP005419,3,0,0.0
678,AGAP005420,3,0,0.0
679,AGAP005421,0,0,
680,AGAP005422,3,0,0.0
681,AGAP005423,0,0,
682,AGAP005424,9,0,0.0
683,AGAP005425,10,0,0.0
684,AGAP005427,2,0,0.0
685,AGAP005428,4,0,0.0
686,AGAP005429,3,0,0.0
687,AGAP005430,4,0,0.0
688,AGAP005431,3,0,0.0
689,AGAP005432,1,0,0.0
690,AGAP005433,4,1,0.25
691,AGAP005434,12,2,0.16666666666666666
692,AGAP005435,3,0,0.0
693,AGAP005436,0,0,
694,AGAP005437,3,0,0.0
695,AGAP005438,3,0,0.0
696,AGAP005439,0,0,
697,AGAP005440,11,0,0.0
698,AGAP005441,0,0,
699,AGAP005442,0,0,
700,AGAP005443,0,0,
701,AGAP005448,3,0,0.0
702,AGAP005449,7,2,0.2857142857142857
703,AGAP005450,0,0,
704,AGAP005451,0,0,
705,AGAP005453,0,0,
706,AGAP005454,0,0,
707,AGAP005455,1,0,0.0
708,AGAP005456,0,0,
709,AGAP005457,2,0,0.0
710,AGAP005458,0,0,
711,AGAP005459,1,0,0.0
712,AGAP005460,5,2,0.4
713,AGAP005461,1,0,0.0
714,AGAP005462,1,0,0.0
715,AGAP005463,5,0,0.0
716,AGAP005464,15,0,0.0
717,AGAP005465,7,0,0.0
718,AGAP005466,5,0,0.0
719,AGAP005467,38,2,0.05263157894736842
720,AGAP005468,13,0,0.0
721,AGAP005469,3,0,0.0
722,AGAP005470,27,0,0.0
723,AGAP005471,16,0,0.0
724,AGAP005472,20,0,0.0
725,AGAP005473,8,1,0.125
726,AGAP005474,0,0,
727,AGAP005475,8,0,0.0
728,AGAP005476,3,0,0.0
729,AGAP005477,1,0,0.0
730,AGAP005478,2,0,0.0
731,AGAP005479,0,0,
732,AGAP005480,7,0,0.0
733,AGAP005481,8,0,0.0
734,AGAP005482,0,0,
735,AGAP005483,2,0,0.0
736,AGAP005484,0,0,
737,AGAP005485,0,0,
738,AGAP005486,0,0,
739,AGAP005490,25,0,0.0
740,AGAP005491,4,0,0.0
741,AGAP005493,3,0,0.0
742,AGAP005494,10,0,0.0
743,AGAP005495,1,0,0.0
744,AGAP005496,4,0,0.0
745,AGAP005497,1,0,0.0
746,AGAP005498,4,0,0.0
747,AGAP005499,1,0,0.0
748,AGAP005500,0,0,
749,AGAP005501,2,0,0.0
750,AGAP005502,3,0,0.0
751,AGAP005503,1,0,0.0
752,AGAP005504,9,0,0.0
753,AGAP005505,26,1,0.038461538461538464
754,AGAP005506,11,0,0.0
755,AGAP005507,14,1,0.07142857142857142
756,AGAP005508,43,5,0.11627906976744186
757,AGAP005509,1,0,0.0
758,AGAP005510,20,5,0.25
759,AGAP005511,15,0,0.0
760,AGAP005512,10,0,0.0
761,AGAP005513,0,0,
762,AGAP005514,2,0,0.0
763,AGAP005515,1,0,0.0
764,AGAP005516,2,0,0.0
765,AGAP005517,0,0,
766,AGAP005518,3,0,0.0
767,AGAP005519,3,0,0.0
768,AGAP005520,0,0,
769,AGAP005521,7,0,0.0
770,AGAP005522,0,0,
771,AGAP005523,3,0,0.0
772,AGAP005524,2,0,0.0
773,AGAP005525,11,2,0.18181818181818182
774,AGAP005526,29,0,0.0
775,AGAP005527,10,0,0.0
776,AGAP005528,1,0,0.0
777,AGAP005529,3,0,0.0
778,AGAP005530,3,0,0.0
779,AGAP005531,10,0,0.0
780,AGAP005532,3,0,0.0
781,AGAP005533,11,0,0.0
782,AGAP005534,4,0,0.0
783,AGAP005535,5,0,0.0
784,AGAP005536,8,0,0.0
785,AGAP005537,2,0,0.0
786,AGAP005538,3,0,0.0
787,AGAP005539,1,0,0.0
788,AGAP005540,3,0,0.0
789,AGAP005541,3,0,0.0
790,AGAP005542,0,0,
791,AGAP005543,1,0,0.0
792,AGAP005544,4,2,0.5
793,AGAP005545,3,1,0.3333333333333333
794,AGAP005546,12,0,0.0
795,AGAP005547,0,0,
796,AGAP005548,0,0,
797,AGAP005549,3,0,0.0
798,AGAP005550,1,0,0.0
799,AGAP005551,3,1,0.3333333333333333
800,AGAP005552,3,0,0.0
801,AGAP005553,1,0,0.0
802,AGAP005554,0,0,
803,AGAP005555,3,0,0.0
804,AGAP005556,1,0,0.0
805,AGAP005557,2,0,0.0
806,AGAP005558,1,1,1.0
807,AGAP005559,3,0,0.0
808,AGAP005560,0,0,
809,AGAP005561,3,1,0.3333333333333333
810,AGAP005562,3,0,0.0
811,AGAP005563,14,0,0.0
812,AGAP005564,6,0,0.0
813,AGAP005565,4,0,0.0
814,AGAP005566,0,0,
815,AGAP005567,7,0,0.0
816,AGAP005568,0,0,
817,AGAP005569,1,1,1.0
818,AGAP005570,4,0,0.0
819,AGAP005571,4,0,0.0
820,AGAP005572,4,0,0.0
821,AGAP005573,4,0,0.0
822,AGAP005574,5,0,0.0
823,AGAP005575,2,0,0.0
824,AGAP005576,0,0,
825,AGAP005577,1,0,0.0
826,AGAP005578,8,2,0.25
827,AGAP005579,0,0,
828,AGAP005580,1,0,0.0
829,AGAP005581,0,0,
830,AGAP005582,1,0,0.0
831,AGAP005583,10,2,0.2
832,AGAP005584,3,1,0.3333333333333333
833,AGAP005585,4,0,0.0
834,AGAP005586,0,0,
835,AGAP005587,0,0,
836,AGAP005588,0,0,
837,AGAP005589,2,0,0.0
838,AGAP005591,1,0,0.0
839,AGAP005592,0,0,
840,AGAP005593,2,0,0.0
841,AGAP005594,2,0,0.0
842,AGAP005595,14,0,0.0
843,AGAP005596,0,0,
844,AGAP005597,10,0,0.0
845,AGAP005598,5,0,0.0
846,AGAP005599,0,0,
847,AGAP005600,3,0,0.0
848,AGAP005601,1,0,0.0
849,AGAP005602,0,0,
850,AGAP005603,2,0,0.0
851,AGAP005604,3,0,0.0
852,AGAP005605,0,0,
853,AGAP005606,10,0,0.0
854,AGAP005608,4,1,0.25
855,AGAP005609,4,2,0.5
856,AGAP005610,0,0,
857,AGAP005611,0,0,
858,AGAP005612,0,0,
859,AGAP005613,0,0,
860,AGAP005614,0,0,
861,AGAP005615,0,0,
862,AGAP005616,0,0,
863,AGAP005617,0,0,
864,AGAP005618,0,0,
865,AGAP005619,0,0,
866,AGAP005620,0,0,
867,AGAP005621,0,0,
868,AGAP005622,0,0,
869,AGAP005623,0,0,
870,AGAP005624,0,0,
871,AGAP005625,0,0,
872,AGAP005628,0,0,
873,AGAP005629,0,0,
874,AGAP005630,0,0,
875,AGAP005631,0,0,
876,AGAP005632,0,0,
877,AGAP005633,0,0,
878,AGAP005634,0,0,
879,AGAP005635,0,0,
880,AGAP005636,0,0,
881,AGAP005637,0,0,
882,AGAP005638,0,0,
883,AGAP005639,0,0,
884,AGAP005640,0,0,
885,AGAP005641,0,0,
886,AGAP005642,0,0,
887,AGAP005643,0,0,
888,AGAP005644,0,0,
889,AGAP005645,0,0,
890,AGAP005646,0,0,
891,AGAP005647,0,0,
892,AGAP005650,0,0,
893,AGAP005651,0,0,
894,AGAP005652,0,0,
895,AGAP005653,0,0,
896,AGAP005654,0,0,
897,AGAP005655,0,0,
898,AGAP005656,0,0,
899,AGAP005657,0,0,
900,AGAP005658,0,0,
901,AGAP005659,0,0,
902,AGAP005660,0,0,
903,AGAP005661,0,0,
904,AGAP005662,0,0,
905,AGAP005663,0,0,
906,AGAP005664,0,0,
907,AGAP005665,0,0,
908,AGAP005667,0,0,
909,AGAP005668,0,0,
910,AGAP005669,0,0,
911,AGAP005670,0,0,
912,AGAP005671,0,0,
913,AGAP005672,0,0,
914,AGAP005673,0,0,
915,AGAP005674,0,0,
916,AGAP005675,0,0,
917,AGAP005676,0,0,
918,AGAP005677,0,0,
919,AGAP005678,0,0,
920,AGAP005679,0,0,
921,AGAP005680,0,0,
922,AGAP005681,0,0,
923,AGAP005682,0,0,
924,AGAP005683,0,0,
925,AGAP005684,0,0,
926,AGAP005685,0,0,
927,AGAP005686,0,0,
928,AGAP005687,0,0,
929,AGAP005688,0,0,
930,AGAP005689,0,0,
931,AGAP005690,0,0,
932,AGAP005691,0,0,
933,AGAP005692,0,0,
934,AGAP005693,0,0,
935,AGAP005695,0,0,
936,AGAP005696,0,0,
937,AGAP005697,0,0,
938,AGAP005698,0,0,
939,AGAP005699,3,0,0.0
940,AGAP005700,17,1,0.058823529411764705
941,AGAP005701,1,0,0.0
942,AGAP005702,0,0,
943,AGAP005703,0,0,
944,AGAP005704,3,0,0.0
945,AGAP005705,6,0,0.0
946,AGAP005706,2,0,0.0
947,AGAP005707,3,0,0.0
948,AGAP005708,2,0,0.0
949,AGAP005709,1,0,0.0
950,AGAP005710,4,3,0.75
951,AGAP005711,8,0,0.0
952,AGAP005712,0,0,
953,AGAP005713,6,0,0.0
954,AGAP005714,7,0,0.0
955,AGAP005715,4,0,0.0
956,AGAP005716,4,0,0.0
957,AGAP005717,0,0,
958,AGAP005720,0,0,
959,AGAP005721,1,0,0.0
960,AGAP005722,0,0,
961,AGAP005723,0,0,
962,AGAP005724,0,0,
963,AGAP005725,0,0,
964,AGAP005726,0,0,
965,AGAP005727,0,0,
966,AGAP005728,0,0,
967,AGAP005729,0,0,
968,AGAP005731,0,0,
969,AGAP005732,0,0,
970,AGAP005733,0,0,
971,AGAP005734,0,0,
972,AGAP005735,0,0,
973,AGAP005736,0,0,
974,AGAP005737,0,0,
975,AGAP005738,0,0,
976,AGAP005742,0,0,
977,AGAP005743,0,0,
978,AGAP005744,0,0,
979,AGAP005745,0,0,
980,AGAP005746,0,0,
981,AGAP005747,0,0,
982,AGAP005748,0,0,
983,AGAP005749,0,0,
984,AGAP005750,0,0,
985,AGAP005751,0,0,
986,AGAP005752,0,0,
987,AGAP005753,0,0,
988,AGAP005754,0,0,
989,AGAP005755,0,0,
990,AGAP005756,0,0,
991,AGAP005757,0,0,
992,AGAP005758,0,0,
993,AGAP005759,0,0,
994,AGAP005760,0,0,
995,AGAP005761,0,0,
996,AGAP005762,0,0,
997,AGAP005763,0,0,
998,AGAP005764,0,0,
999,AGAP005765,1,0,0.0
1000,AGAP005766,0,0,
1001,AGAP005767,0,0,
1002,AGAP005768,0,0,
1003,AGAP005769,0,0,
1004,AGAP005770,0,0,
1005,AGAP005771,0,0,
1006,AGAP005772,0,0,
1007,AGAP005773,0,0,
1008,AGAP005774,0,0,
1009,AGAP005775,0,0,
1010,AGAP005776,0,0,
1011,AGAP005777,0,0,
1012,AGAP005778,1,0,0.0
1013,AGAP005781,0,0,
1014,AGAP005782,0,0,
1015,AGAP005783,0,0,
1016,AGAP005784,0,0,
1017,AGAP005785,1,0,0.0
1018,AGAP005786,0,0,
1019,AGAP005787,0,0,
1020,AGAP005788,0,0,
1021,AGAP005789,0,0,
1022,AGAP005790,0,0,
1023,AGAP005791,0,0,
1024,AGAP005792,0,0,
1025,AGAP005793,0,0,
1026,AGAP005794,0,0,
1027,AGAP005795,0,0,
1028,AGAP005796,0,0,
1029,AGAP005797,0,0,
1030,AGAP005799,0,0,
1031,AGAP005800,0,0,
1032,AGAP005801,0,0,
1033,AGAP005802,0,0,
1034,AGAP005803,0,0,
1035,AGAP005804,0,0,
1036,AGAP005805,0,0,
1037,AGAP005806,0,0,
1038,AGAP005809,0,0,
1039,AGAP005810,0,0,
1040,AGAP005811,0,0,
1041,AGAP005812,0,0,
1042,AGAP005813,0,0,
1043,AGAP005814,0,0,
1044,AGAP005815,0,0,
1045,AGAP005816,0,0,
1046,AGAP005817,0,0,
1047,AGAP005818,0,0,
1048,AGAP005819,0,0,
1049,AGAP005820,0,0,
1050,AGAP005821,0,0,
1051,AGAP005822,0,0,
1052,AGAP005823,0,0,
1053,AGAP005824,0,0,
1054,AGAP005825,0,0,
1055,AGAP005826,0,0,
1056,AGAP005828,0,0,
1057,AGAP005829,0,0,
1058,AGAP005830,0,0,
1059,AGAP005831,0,0,
1060,AGAP005832,0,0,
1061,AGAP005833,0,0,
1062,AGAP005834,0,0,
1063,AGAP005835,0,0,
1064,AGAP005836,0,0,
1065,AGAP005837,0,0,
1066,AGAP005838,0,0,
1067,AGAP005839,0,0,
1068,AGAP005842,0,0,
1069,AGAP005843,0,0,
1070,AGAP005844,0,0,
1071,AGAP005845,0,0,
1072,AGAP005846,0,0,
1073,AGAP005847,0,0,
1074,AGAP005848,0,0,
1075,AGAP005849,0,0,
1076,AGAP005850,0,0,
1077,AGAP005851,0,0,
1078,AGAP005852,0,0,
1079,AGAP005853,0,0,
1080,AGAP005854,0,0,
1081,AGAP005855,0,0,
1082,AGAP005856,0,0,
1083,AGAP005857,0,0,
1084,AGAP005858,0,0,
1085,AGAP005859,0,0,
1086,AGAP005860,0,0,
1087,AGAP005861,0,0,
1088,AGAP005862,0,0,
1089,AGAP005863,0,0,
1090,AGAP005864,0,0,
1091,AGAP005865,0,0,
1092,AGAP005866,0,0,
1093,AGAP005867,0,0,
1094,AGAP005868,0,0,
1095,AGAP005869,0,0,
1096,AGAP005870,0,0,
1097,AGAP005871,0,0,
1098,AGAP005872,0,0,
1099,AGAP005873,0,0,
1100,AGAP005874,0,0,
1101,AGAP005875,0,0,
1102,AGAP005876,0,0,
1103,AGAP005878,0,0,
1104,AGAP005880,0,0,
1105,AGAP005881,0,0,
1106,AGAP005882,0,0,
1107,AGAP005883,0,0,
1108,AGAP005884,0,0,
1109,AGAP005885,0,0,
1110,AGAP005886,0,0,
1111,AGAP005887,0,0,
1112,AGAP005888,0,0,
1113,AGAP005889,0,0,
1114,AGAP005890,0,0,
1115,AGAP005891,0,0,
1116,AGAP005892,0,0,
1117,AGAP005893,0,0,
1118,AGAP005894,0,0,
1119,AGAP005895,0,0,
1120,AGAP005896,0,0,
1121,AGAP005897,0,0,
1122,AGAP005898,0,0,
1123,AGAP005899,0,0,
1124,AGAP005900,0,0,
1125,AGAP005901,0,0,
1126,AGAP005902,0,0,
1127,AGAP005903,0,0,
1128,AGAP005904,0,0,
1129,AGAP005905,0,0,
1130,AGAP005906,0,0,
1131,AGAP005907,0,0,
1132,AGAP005908,0,0,
1133,AGAP005909,0,0,
1134,AGAP005910,0,0,
1135,AGAP005911,0,0,
1136,AGAP005912,0,0,
1137,AGAP005913,0,0,
1138,AGAP005914,0,0,
1139,AGAP005915,0,0,
1140,AGAP005916,0,0,
1141,AGAP005917,0,0,
1142,AGAP005918,0,0,
1143,AGAP005919,0,0,
1144,AGAP005920,0,0,
1145,AGAP005921,0,0,
1146,AGAP005922,0,0,
1147,AGAP005923,0,0,
1148,AGAP005926,0,0,
1149,AGAP005927,0,0,
1150,AGAP005928,0,0,
1151,AGAP005929,0,0,
1152,AGAP005930,0,0,
1153,AGAP005931,0,0,
1154,AGAP005932,0,0,
1155,AGAP005933,0,0,
1156,AGAP005934,0,0,
1157,AGAP005935,0,0,
1158,AGAP005936,0,0,
1159,AGAP005937,0,0,
1160,AGAP005938,0,0,
1161,AGAP005939,0,0,
1162,AGAP005940,0,0,
1163,AGAP005941,0,0,
1164,AGAP005942,0,0,
1165,AGAP005943,0,0,
1166,AGAP005944,0,0,
1167,AGAP005945,0,0,
1168,AGAP005946,0,0,
1169,AGAP005947,0,0,
1170,AGAP005948,0,0,
1171,AGAP005949,0,0,
1172,AGAP005951,0,0,
1173,AGAP005952,0,0,
1174,AGAP005953,0,0,
1175,AGAP005954,0,0,
1176,AGAP005955,0,0,
1177,AGAP005956,0,0,
1178,AGAP005957,0,0,
1179,AGAP005958,0,0,
1180,AGAP005959,0,0,
1181,AGAP005960,0,0,
1182,AGAP005961,0,0,
1183,AGAP005962,0,0,
1184,AGAP005963,0,0,
1185,AGAP005964,0,0,
1186,AGAP005966,0,0,
1187,AGAP005967,0,0,
1188,AGAP005968,0,0,
1189,AGAP005969,0,0,
1190,AGAP005971,0,0,
1191,AGAP005972,0,0,
1192,AGAP005973,0,0,
1193,AGAP005975,0,0,
1194,AGAP005976,0,0,
1195,AGAP005977,0,0,
1196,AGAP005978,0,0,
1197,AGAP005979,0,0,
1198,AGAP005980,0,0,
1199,AGAP005981,0,0,
1200,AGAP005982,0,0,
1201,AGAP005983,0,0,
1202,AGAP005984,0,0,
1203,AGAP005985,0,0,
1204,AGAP005986,0,0,
1205,AGAP005987,0,0,
1206,AGAP005988,0,0,
1207,AGAP005989,0,0,
1208,AGAP005990,0,0,
1209,AGAP005991,0,0,
1210,AGAP005992,0,0,
1211,AGAP005993,0,0,
1212,AGAP005994,0,0,
1213,AGAP005995,0,0,
1214,AGAP005996,0,0,
1215,AGAP005997,0,0,
1216,AGAP005998,0,0,
1217,AGAP005999,0,0,
1218,AGAP006000,0,0,
1219,AGAP006001,0,0,
1220,AGAP006002,0,0,
1221,AGAP006003,0,0,
1222,AGAP006004,0,0,
1223,AGAP006005,0,0,
1224,AGAP006006,0,0,
1225,AGAP006007,0,0,
1226,AGAP006008,0,0,
1227,AGAP006009,0,0,
1228,AGAP006010,0,0,
1229,AGAP006011,0,0,
1230,AGAP006012,0,0,
1231,AGAP006013,0,0,
1232,AGAP006014,0,0,
1233,AGAP006015,0,0,
1234,AGAP006016,0,0,
1235,AGAP006017,0,0,
1236,AGAP006018,0,0,
1237,AGAP006019,0,0,
1238,AGAP006020,0,0,
1239,AGAP006021,0,0,
1240,AGAP006022,0,0,
1241,AGAP006023,0,0,
1242,AGAP006024,0,0,
1243,AGAP006025,0,0,
1244,AGAP006026,0,0,
1245,AGAP006027,0,0,
1246,AGAP006028,0,0,
1247,AGAP006029,0,0,
1248,AGAP006030,0,0,
1249,AGAP006031,0,0,
1250,AGAP006032,0,0,
1251,AGAP006033,0,0,
1252,AGAP006034,0,0,
1253,AGAP006035,0,0,
1254,AGAP006036,0,0,
1255,AGAP006037,0,0,
1256,AGAP006038,0,0,
1257,AGAP006039,0,0,
1258,AGAP006040,0,0,
1259,AGAP006041,0,0,
1260,AGAP006042,0,0,
1261,AGAP006045,0,0,
1262,AGAP006046,0,0,
1263,AGAP006047,0,0,
1264,AGAP006048,0,0,
1265,AGAP006049,0,0,
1266,AGAP006050,0,0,
1267,AGAP006051,0,0,
1268,AGAP006054,0,0,
1269,AGAP006055,0,0,
1270,AGAP006056,0,0,
1271,AGAP006057,0,0,
1272,AGAP006058,0,0,
1273,AGAP006059,1,0,0.0
1274,AGAP006060,0,0,
1275,AGAP006061,0,0,
1276,AGAP006062,0,0,
1277,AGAP006063,0,0,
1278,AGAP006064,0,0,
1279,AGAP006065,0,0,
1280,AGAP006068,0,0,
1281,AGAP006069,0,0,
1282,AGAP006070,0,0,
1283,AGAP006071,0,0,
1284,AGAP006072,0,0,
1285,AGAP006073,0,0,
1286,AGAP006074,0,0,
1287,AGAP006075,0,0,
1288,AGAP006076,0,0,
1289,AGAP006077,0,0,
1290,AGAP006078,0,0,
1291,AGAP006079,0,0,
1292,AGAP006080,0,0,
1293,AGAP006081,0,0,
1294,AGAP006082,1,0,0.0
1295,AGAP006083,1,0,0.0
1296,AGAP006084,0,0,
1297,AGAP006085,0,0,
1298,AGAP006086,0,0,
1299,AGAP006087,0,0,
1300,AGAP006088,0,0,
1301,AGAP006089,6,0,0.0
1302,AGAP006090,0,0,
1303,AGAP006091,1,0,0.0
1304,AGAP006092,0,0,
1305,AGAP006093,0,0,
1306,AGAP006095,1,0,0.0
1307,AGAP006096,0,0,
1308,AGAP006097,2,1,0.5
1309,AGAP006098,0,0,
1310,AGAP006099,0,0,
1311,AGAP006100,0,0,
1312,AGAP006101,0,0,
1313,AGAP006102,1,0,0.0
1314,AGAP006103,0,0,
1315,AGAP006104,1,0,0.0
1316,AGAP006105,0,0,
1317,AGAP006108,0,0,
1318,AGAP006109,0,0,
1319,AGAP006111,1,1,1.0
1320,AGAP006115,5,0,0.0
1321,AGAP006116,1,0,0.0
1322,AGAP006117,0,0,
1323,AGAP006118,0,0,
1324,AGAP006119,2,0,0.0
1325,AGAP006120,4,0,0.0
1326,AGAP006121,4,0,0.0
1327,AGAP006125,1,1,1.0
1328,AGAP006126,0,0,
1329,AGAP006127,0,0,
1330,AGAP006128,12,3,0.25
1331,AGAP006129,6,0,0.0
1332,AGAP006130,2,0,0.0
1333,AGAP006131,3,1,0.3333333333333333
1334,AGAP006132,2,1,0.5
1335,AGAP006133,11,4,0.36363636363636365
1336,AGAP006134,2,0,0.0
1337,AGAP006135,0,0,
1338,AGAP006136,1,0,0.0
1339,AGAP006138,1,0,0.0
1340,AGAP006139,5,0,0.0
1341,AGAP006140,0,0,
1342,AGAP006141,3,1,0.3333333333333333
1343,AGAP006142,3,0,0.0
1344,AGAP006143,10,0,0.0
1345,AGAP006144,0,0,
1346,AGAP006145,0,0,
1347,AGAP006146,0,0,
1348,AGAP006147,2,0,0.0
1349,AGAP006148,2,0,0.0
1350,AGAP006149,0,0,
1351,AGAP006150,0,0,
1352,AGAP006151,0,0,
1353,AGAP006157,0,0,
1354,AGAP006158,0,0,
1355,AGAP006159,3,3,1.0
1356,AGAP006160,0,0,
1357,AGAP006161,3,3,1.0
1358,AGAP006162,2,0,0.0
1359,AGAP006163,1,0,0.0
1360,AGAP006164,2,2,1.0
1361,AGAP006165,9,4,0.4444444444444444
1362,AGAP006166,2,0,0.0
1363,AGAP006167,0,0,
1364,AGAP006168,7,3,0.42857142857142855
1365,AGAP006169,5,0,0.0
1366,AGAP006170,0,0,
1367,AGAP006171,5,0,0.0
1368,AGAP006172,0,0,
1369,AGAP006173,0,0,
1370,AGAP006174,0,0,
1371,AGAP006175,0,0,
1372,AGAP006176,9,0,0.0
1373,AGAP006177,0,0,
1374,AGAP006178,0,0,
1375,AGAP006179,2,0,0.0
1376,AGAP006180,0,0,
1377,AGAP006181,0,0,
1378,AGAP006182,1,0,0.0
1379,AGAP006183,5,0,0.0
1380,AGAP006184,1,0,0.0
1381,AGAP006185,2,0,0.0
1382,AGAP006186,4,1,0.25
1383,AGAP006187,0,0,
1384,AGAP006189,0,0,
1385,AGAP006191,0,0,
1386,AGAP006192,0,0,
1387,AGAP006193,0,0,
1388,AGAP006194,0,0,
1389,AGAP006195,0,0,
1390,AGAP006196,0,0,
1391,AGAP006197,0,0,
1392,AGAP006198,0,0,
1393,AGAP006199,0,0,
1394,AGAP006200,0,0,
1395,AGAP006201,0,0,
1396,AGAP006202,1,0,0.0
1397,AGAP006203,1,0,0.0
1398,AGAP006204,0,0,
1399,AGAP006205,3,0,0.0
1400,AGAP006207,0,0,
1401,AGAP006208,1,0,0.0
1402,AGAP006209,2,0,0.0
1403,AGAP006210,0,0,
1404,AGAP006214,0,0,
1405,AGAP006215,0,0,
1406,AGAP006216,2,0,0.0
1407,AGAP006219,2,0,0.0
1408,AGAP006220,1,0,0.0
1409,AGAP006221,9,0,0.0
1410,AGAP006222,0,0,
1411,AGAP006223,0,0,
1412,AGAP006224,0,0,
1413,AGAP006225,0,0,
1414,AGAP006226,0,0,
1415,AGAP006227,0,0,
1416,AGAP006228,0,0,
1417,AGAP006229,0,0,
1418,AGAP006231,2,1,0.5
1419,AGAP006232,0,0,
1420,AGAP006233,6,3,0.5
1421,AGAP006234,1,0,0.0
1422,AGAP006235,5,0,0.0
1423,AGAP006236,2,0,0.0
1424,AGAP006237,1,0,0.0
1425,AGAP006238,4,1,0.25
1426,AGAP006239,0,0,
1427,AGAP006240,3,3,1.0
1428,AGAP006241,0,0,
1429,AGAP006242,0,0,
1430,AGAP006243,3,1,0.3333333333333333
1431,AGAP006244,2,0,0.0
1432,AGAP006245,0,0,
1433,AGAP006246,1,0,0.0
1434,AGAP006247,2,1,0.5
1435,AGAP006248,1,1,1.0
1436,AGAP006249,2,1,0.5
1437,AGAP006250,2,2,1.0
1438,AGAP006251,1,1,1.0
1439,AGAP006252,0,0,
1440,AGAP006253,0,0,
1441,AGAP006254,1,1,1.0
1442,AGAP006255,1,0,0.0
1443,AGAP006256,7,0,0.0
1444,AGAP006257,1,0,0.0
1445,AGAP006258,2,0,0.0
1446,AGAP006259,0,0,
1447,AGAP006260,3,0,0.0
1448,AGAP006261,0,0,
1449,AGAP006262,1,0,0.0
1450,AGAP006263,0,0,
1451,AGAP006264,0,0,
1452,AGAP006265,4,0,0.0
1453,AGAP006266,0,0,
1454,AGAP006267,7,0,0.0
1455,AGAP006268,0,0,
1456,AGAP006269,7,0,0.0
1457,AGAP006270,7,1,0.14285714285714285
1458,AGAP006271,0,0,
1459,AGAP006272,6,2,0.3333333333333333
1460,AGAP006273,1,0,0.0
1461,AGAP006275,5,0,0.0
1462,AGAP006278,0,0,
1463,AGAP006279,2,0,0.0
1464,AGAP006280,5,1,0.2
1465,AGAP006281,9,2,0.2222222222222222
1466,AGAP006282,9,0,0.0
1467,AGAP006283,0,0,
1468,AGAP006284,0,0,
1469,AGAP006285,0,0,
1470,AGAP006286,0,0,
1471,AGAP006287,0,0,
1472,AGAP006288,0,0,
1473,AGAP006289,0,0,
1474,AGAP006290,0,0,
1475,AGAP006291,0,0,
1476,AGAP006292,0,0,
1477,AGAP006293,0,0,
1478,AGAP006294,0,0,
1479,AGAP006295,0,0,
1480,AGAP006296,0,0,
1481,AGAP006297,0,0,
1482,AGAP006298,0,0,
1483,AGAP006299,0,0,
1484,AGAP006300,0,0,
1485,AGAP006301,0,0,
1486,AGAP006302,0,0,
1487,AGAP006303,0,0,
1488,AGAP006304,0,0,
1489,AGAP006305,0,0,
1490,AGAP006306,0,0,
1491,AGAP006307,0,0,
1492,AGAP006308,0,0,
1493,AGAP006309,0,0,
1494,AGAP006310,0,0,
1495,AGAP006311,0,0,
1496,AGAP006312,0,0,
1497,AGAP006313,0,0,
1498,AGAP006314,0,0,
1499,AGAP006315,0,0,
1500,AGAP006316,0,0,
1501,AGAP006317,0,0,
1502,AGAP006318,0,0,
1503,AGAP006319,0,0,
1504,AGAP006320,0,0,
1505,AGAP006321,0,0,
1506,AGAP006322,0,0,
1507,AGAP006323,3,1,0.3333333333333333
1508,AGAP006324,3,0,0.0
1509,AGAP006325,0,0,
1510,AGAP006327,0,0,
1511,AGAP006328,0,0,
1512,AGAP006329,0,0,
1513,AGAP006330,1,1,1.0
1514,AGAP006331,0,0,
1515,AGAP006332,0,0,
1516,AGAP006333,0,0,
1517,AGAP006334,0,0,
1518,AGAP006336,0,0,
1519,AGAP006337,0,0,
1520,AGAP006338,0,0,
1521,AGAP006339,0,0,
1522,AGAP006340,0,0,
1523,AGAP006341,0,0,
1524,AGAP006342,0,0,
1525,AGAP006343,0,0,
1526,AGAP006344,0,0,
1527,AGAP006345,0,0,
1528,AGAP006346,0,0,
1529,AGAP006347,0,0,
1530,AGAP006348,0,0,
1531,AGAP006349,0,0,
1532,AGAP006350,0,0,
1533,AGAP006351,0,0,
1534,AGAP006352,0,0,
1535,AGAP006353,0,0,
1536,AGAP006354,0,0,
1537,AGAP006355,0,0,
1538,AGAP006356,0,0,
1539,AGAP006357,0,0,
1540,AGAP006358,0,0,
1541,AGAP006359,0,0,
1542,AGAP006360,0,0,
1543,AGAP006361,0,0,
1544,AGAP006362,0,0,
1545,AGAP006363,0,0,
1546,AGAP006364,0,0,
1547,AGAP006365,0,0,
1548,AGAP006366,0,0,
1549,AGAP006367,0,0,
1550,AGAP006368,0,0,
1551,AGAP006369,0,0,
1552,AGAP006370,0,0,
1553,AGAP006371,0,0,
1554,AGAP006372,0,0,
1555,AGAP006373,0,0,
1556,AGAP006376,3,0,0.0
1557,AGAP006377,3,0,0.0
1558,AGAP006378,2,0,0.0
1559,AGAP006379,2,0,0.0
1560,AGAP006380,5,0,0.0
1561,AGAP006381,1,0,0.0
1562,AGAP006382,8,0,0.0
1563,AGAP006383,2,0,0.0
1564,AGAP006384,5,3,0.6
1565,AGAP006385,0,0,
1566,AGAP006386,4,0,0.0
1567,AGAP006387,5,0,0.0
1568,AGAP006388,7,0,0.0
1569,AGAP006389,5,0,0.0
1570,AGAP006392,0,0,
1571,AGAP006393,4,0,0.0
1572,AGAP006394,5,2,0.4
1573,AGAP006395,2,0,0.0
1574,AGAP006396,1,0,0.0
1575,AGAP006398,1,0,0.0
1576,AGAP006399,0,0,
1577,AGAP006400,1,0,0.0
1578,AGAP006401,0,0,
1579,AGAP006402,1,0,0.0
1580,AGAP006403,20,1,0.05
1581,AGAP006404,2,1,0.5
1582,AGAP006405,2,0,0.0
1583,AGAP006406,0,0,
1584,AGAP006407,1,0,0.0
1585,AGAP006408,1,0,0.0
1586,AGAP006409,1,0,0.0
1587,AGAP006410,0,0,
1588,AGAP006413,0,0,
1589,AGAP006414,7,0,0.0
1590,AGAP006415,2,0,0.0
1591,AGAP006416,1,0,0.0
1592,AGAP006417,0,0,
1593,AGAP006418,0,0,
1594,AGAP006419,0,0,
1595,AGAP006420,0,0,
1596,AGAP006421,0,0,
1597,AGAP006422,3,0,0.0
1598,AGAP006423,2,0,0.0
1599,AGAP006424,4,0,0.0
1600,AGAP006425,2,0,0.0
1601,AGAP006426,1,0,0.0
1602,AGAP006427,3,1,0.3333333333333333
1603,AGAP006428,3,0,0.0
1604,AGAP006430,2,0,0.0
1605,AGAP006431,8,4,0.5
1606,AGAP006432,3,0,0.0
1607,AGAP006433,2,0,0.0
1608,AGAP006434,0,0,
1609,AGAP006435,3,0,0.0
1610,AGAP006436,13,4,0.3076923076923077
1611,AGAP006437,1,0,0.0
1612,AGAP006438,4,0,0.0
1613,AGAP006439,1,0,0.0
1614,AGAP006440,2,0,0.0
1615,AGAP006441,0,0,
1616,AGAP006442,3,0,0.0
1617,AGAP006443,2,0,0.0
1618,AGAP006444,0,0,
1619,AGAP006445,1,1,1.0
1620,AGAP006446,0,0,
1621,AGAP006447,1,0,0.0
1622,AGAP006448,1,0,0.0
1623,AGAP006449,3,0,0.0
1624,AGAP006450,1,0,0.0
1625,AGAP006451,2,0,0.0
1626,AGAP006452,4,0,0.0
1627,AGAP006453,1,1,1.0
1628,AGAP006454,1,1,1.0
1629,AGAP006455,2,0,0.0
1630,AGAP006456,0,0,
1631,AGAP006457,1,1,1.0
1632,AGAP006458,0,0,
1633,AGAP006459,2,2,1.0
1634,AGAP006460,5,0,0.0
1635,AGAP006461,4,0,0.0
1636,AGAP006462,0,0,
1637,AGAP006465,1,0,0.0
1638,AGAP006466,0,0,
1639,AGAP006467,1,0,0.0
1640,AGAP006468,8,0,0.0
1641,AGAP006469,0,0,
1642,AGAP006470,2,0,0.0
1643,AGAP006471,1,0,0.0
1644,AGAP006472,8,0,0.0
1645,AGAP006473,2,0,0.0
1646,AGAP006474,4,2,0.5
1647,AGAP006475,12,2,0.16666666666666666
1648,AGAP006477,7,1,0.14285714285714285
1649,AGAP006478,4,0,0.0
1650,AGAP006479,5,2,0.4
1651,AGAP006480,0,0,
1652,AGAP006481,1,0,0.0
1653,AGAP006482,1,0,0.0
1654,AGAP006485,0,0,
1655,AGAP006486,2,0,0.0
1656,AGAP006487,1,0,0.0
1657,AGAP006488,0,0,
1658,AGAP006489,0,0,
1659,AGAP006490,2,0,0.0
1660,AGAP006493,2,0,0.0
1661,AGAP006494,0,0,
1662,AGAP006495,0,0,
1663,AGAP006496,0,0,
1664,AGAP006497,0,0,
1665,AGAP006498,1,0,0.0
1666,AGAP006499,2,0,0.0
1667,AGAP006500,10,0,0.0
1668,AGAP006501,3,0,0.0
1669,AGAP006504,1,0,0.0
1670,AGAP006505,1,0,0.0
1671,AGAP006506,0,0,
1672,AGAP006507,1,0,0.0
1673,AGAP006508,0,0,
1674,AGAP006509,3,0,0.0
1675,AGAP006510,1,1,1.0
1676,AGAP006511,1,0,0.0
1677,AGAP006514,1,0,0.0
1678,AGAP006517,6,0,0.0
1679,AGAP006518,2,0,0.0
1680,AGAP006519,0,0,
1681,AGAP006520,1,1,1.0
1682,AGAP006521,0,0,
1683,AGAP006522,0,0,
1684,AGAP006523,0,0,
1685,AGAP006524,0,0,
1686,AGAP006525,0,0,
1687,AGAP006526,1,0,0.0
1688,AGAP006527,0,0,
1689,AGAP006528,1,0,0.0
1690,AGAP006529,2,0,0.0
1691,AGAP006530,0,0,
1692,AGAP006531,0,0,
1693,AGAP006532,1,0,0.0
1694,AGAP006533,0,0,
1695,AGAP006534,0,0,
1696,AGAP006535,0,0,
1697,AGAP006536,0,0,
1698,AGAP006537,0,0,
1699,AGAP006538,0,0,
1700,AGAP006539,0,0,
1701,AGAP006540,1,0,0.0
1702,AGAP006541,0,0,
1703,AGAP006542,0,0,
1704,AGAP006543,0,0,
1705,AGAP006546,1,0,0.0
1706,AGAP006547,0,0,
1707,AGAP006548,0,0,
1708,AGAP006549,0,0,
1709,AGAP006550,0,0,
1710,AGAP006551,0,0,
1711,AGAP006552,0,0,
1712,AGAP006553,0,0,
1713,AGAP006554,0,0,
1714,AGAP006555,0,0,
1715,AGAP006556,0,0,
1716,AGAP006557,0,0,
1717,AGAP006558,0,0,
1718,AGAP006559,0,0,
1719,AGAP006560,0,0,
1720,AGAP006561,0,0,
1721,AGAP006562,0,0,
1722,AGAP006563,0,0,
1723,AGAP006564,0,0,
1724,AGAP006566,0,0,
1725,AGAP006568,0,0,
1726,AGAP006569,2,1,0.5
1727,AGAP006570,0,0,
1728,AGAP006571,0,0,
1729,AGAP006572,0,0,
1730,AGAP006573,0,0,
1731,AGAP006574,0,0,
1732,AGAP006575,0,0,
1733,AGAP006576,1,0,0.0
1734,AGAP006577,0,0,
1735,AGAP006578,0,0,
1736,AGAP006579,4,0,0.0
1737,AGAP006580,8,0,0.0
1738,AGAP006581,0,0,
1739,AGAP006583,0,0,
1740,AGAP006584,0,0,
1741,AGAP006585,0,0,
1742,AGAP006586,2,0,0.0
1743,AGAP006587,0,0,
1744,AGAP006588,0,0,
1745,AGAP006590,3,0,0.0
1746,AGAP006591,0,0,
1747,AGAP006592,8,0,0.0
1748,AGAP006593,5,0,0.0
1749,AGAP006594,2,0,0.0
1750,AGAP006595,4,0,0.0
1751,AGAP006596,0,0,
1752,AGAP006597,0,0,
1753,AGAP006598,3,0,0.0
1754,AGAP006599,2,0,0.0
1755,AGAP006600,1,1,1.0
1756,AGAP006601,0,0,
1757,AGAP006602,0,0,
1758,AGAP006603,0,0,
1759,AGAP006604,0,0,
1760,AGAP006605,1,1,1.0
1761,AGAP006606,7,0,0.0
1762,AGAP006607,2,0,0.0
1763,AGAP006608,4,0,0.0
1764,AGAP006609,2,1,0.5
1765,AGAP006610,2,1,0.5
1766,AGAP006611,3,0,0.0
1767,AGAP006612,0,0,
1768,AGAP006613,0,0,
1769,AGAP006614,0,0,
1770,AGAP006615,2,1,0.5
1771,AGAP006616,2,1,0.5
1772,AGAP006617,3,0,0.0
1773,AGAP006618,0,0,
1774,AGAP006619,0,0,
1775,AGAP006620,0,0,
1776,AGAP006621,4,0,0.0
1777,AGAP006622,0,0,
1778,AGAP006623,2,0,0.0
1779,AGAP006624,3,0,0.0
1780,AGAP006625,2,0,0.0
1781,AGAP006626,3,1,0.3333333333333333
1782,AGAP006627,1,0,0.0
1783,AGAP006629,5,1,0.2
1784,AGAP006630,1,0,0.0
1785,AGAP006631,2,0,0.0
1786,AGAP006632,2,0,0.0
1787,AGAP006633,1,0,0.0
1788,AGAP006634,4,0,0.0
1789,AGAP006635,0,0,
1790,AGAP006636,0,0,
1791,AGAP006637,3,0,0.0
1792,AGAP006638,1,0,0.0
1793,AGAP006639,0,0,
1794,AGAP006643,0,0,
1795,AGAP006644,12,0,0.0
1796,AGAP006645,1,0,0.0
1797,AGAP006646,1,1,1.0
1798,AGAP006647,2,0,0.0
1799,AGAP006648,0,0,
1800,AGAP006649,1,0,0.0
1801,AGAP006650,0,0,
1802,AGAP006651,4,0,0.0
1803,AGAP006652,6,0,0.0
1804,AGAP006653,2,0,0.0
1805,AGAP006654,1,0,0.0
1806,AGAP006655,1,0,0.0
1807,AGAP006656,0,0,
1808,AGAP006657,1,0,0.0
1809,AGAP006658,0,0,
1810,AGAP006659,1,0,0.0
1811,AGAP006660,2,0,0.0
1812,AGAP006661,1,1,1.0
1813,AGAP006662,1,1,1.0
1814,AGAP006663,2,2,1.0
1815,AGAP006664,0,0,
1816,AGAP006665,5,0,0.0
1817,AGAP006666,0,0,
1818,AGAP006667,2,0,0.0
1819,AGAP006668,2,1,0.5
1820,AGAP006669,2,0,0.0
1821,AGAP006670,0,0,
1822,AGAP006671,1,0,0.0
1823,AGAP006672,0,0,
1824,AGAP006673,0,0,
1825,AGAP006674,0,0,
1826,AGAP006675,0,0,
1827,AGAP006676,1,0,0.0
1828,AGAP006677,0,0,
1829,AGAP006678,6,3,0.5
1830,AGAP006680,2,0,0.0
1831,AGAP006681,3,0,0.0
1832,AGAP006682,3,1,0.3333333333333333
1833,AGAP006683,0,0,
1834,AGAP006684,1,0,0.0
1835,AGAP006685,3,1,0.3333333333333333
1836,AGAP006686,3,2,0.6666666666666666
1837,AGAP006687,0,0,
1838,AGAP006688,1,0,0.0
1839,AGAP006689,2,0,0.0
1840,AGAP006690,0,0,
1841,AGAP006691,3,0,0.0
1842,AGAP006692,0,0,
1843,AGAP006694,0,0,
1844,AGAP006696,1,0,0.0
1845,AGAP006697,0,0,
1846,AGAP006698,0,0,
1847,AGAP006699,4,1,0.25
1848,AGAP006700,0,0,
1849,AGAP006701,2,0,0.0
1850,AGAP006702,1,0,0.0
1851,AGAP006703,0,0,
1852,AGAP006704,0,0,
1853,AGAP006705,2,0,0.0
1854,AGAP006706,0,0,
1855,AGAP006707,0,0,
1856,AGAP006708,0,0,
1857,AGAP006709,0,0,
1858,AGAP006710,0,0,
1859,AGAP006711,0,0,
1860,AGAP006712,0,0,
1861,AGAP006713,0,0,
1862,AGAP006714,0,0,
1863,AGAP006715,3,0,0.0
1864,AGAP006716,1,0,0.0
1865,AGAP006717,1,0,0.0
1866,AGAP006718,0,0,
1867,AGAP006719,0,0,
1868,AGAP006720,2,0,0.0
1869,AGAP006721,4,0,0.0
1870,AGAP006722,0,0,
1871,AGAP006723,3,0,0.0
1872,AGAP006724,2,0,0.0
1873,AGAP006725,4,0,0.0
1874,AGAP006726,2,0,0.0
1875,AGAP006727,1,0,0.0
1876,AGAP006728,0,0,
1877,AGAP006729,2,0,0.0
1878,AGAP006730,1,0,0.0
1879,AGAP006733,2,2,1.0
1880,AGAP006734,0,0,
1881,AGAP006735,4,0,0.0
1882,AGAP006736,2,1,0.5
1883,AGAP006737,0,0,
1884,AGAP006738,0,0,
1885,AGAP006739,0,0,
1886,AGAP006740,0,0,
1887,AGAP006741,3,0,0.0
1888,AGAP006743,1,0,0.0
1889,AGAP006744,0,0,
1890,AGAP006745,0,0,
1891,AGAP006746,0,0,
1892,AGAP006747,1,0,0.0
1893,AGAP006748,0,0,
1894,AGAP006749,2,0,0.0
1895,AGAP006752,0,0,
1896,AGAP006755,0,0,
1897,AGAP006756,1,0,0.0
1898,AGAP006757,0,0,
1899,AGAP006758,2,1,0.5
1900,AGAP006759,0,0,
1901,AGAP006760,0,0,
1902,AGAP006761,0,0,
1903,AGAP006762,4,0,0.0
1904,AGAP006763,0,0,
1905,AGAP006764,0,0,
1906,AGAP006765,0,0,
1907,AGAP006766,0,0,
1908,AGAP006767,0,0,
1909,AGAP006768,0,0,
1910,AGAP006769,1,0,0.0
1911,AGAP006770,0,0,
1912,AGAP006771,0,0,
1913,AGAP006772,0,0,
1914,AGAP006773,0,0,
1915,AGAP006774,3,0,0.0
1916,AGAP006775,0,0,
1917,AGAP006776,2,0,0.0
1918,AGAP006777,0,0,
1919,AGAP006778,0,0,
1920,AGAP006779,0,0,
1921,AGAP006780,1,0,0.0
1922,AGAP006781,2,0,0.0
1923,AGAP006782,0,0,
1924,AGAP006783,2,0,0.0
1925,AGAP006784,0,0,
1926,AGAP006785,0,0,
1927,AGAP006786,4,0,0.0
1928,AGAP006787,0,0,
1929,AGAP006788,0,0,
1930,AGAP006789,0,0,
1931,AGAP006790,0,0,
1932,AGAP006791,1,0,0.0
1933,AGAP006792,1,0,0.0
1934,AGAP006793,0,0,
1935,AGAP006794,2,0,0.0
1936,AGAP006795,0,0,
1937,AGAP006796,0,0,
1938,AGAP006797,0,0,
1939,AGAP006798,0,0,
1940,AGAP006799,1,0,0.0
1941,AGAP006800,0,0,
1942,AGAP006801,0,0,
1943,AGAP006802,0,0,
1944,AGAP006803,1,1,1.0
1945,AGAP006804,0,0,
1946,AGAP006805,0,0,
1947,AGAP006806,2,0,0.0
1948,AGAP006807,0,0,
1949,AGAP006808,1,1,1.0
1950,AGAP006809,0,0,
1951,AGAP006810,1,0,0.0
1952,AGAP006811,6,0,0.0
1953,AGAP006813,0,0,
1954,AGAP006814,0,0,
1955,AGAP006815,1,0,0.0
1956,AGAP006817,0,0,
1957,AGAP006818,0,0,
1958,AGAP006819,1,0,0.0
1959,AGAP006820,1,0,0.0
1960,AGAP006821,0,0,
1961,AGAP006824,1,0,0.0
1962,AGAP006825,0,0,
1963,AGAP006826,0,0,
1964,AGAP006827,0,0,
1965,AGAP006828,0,0,
1966,AGAP006829,0,0,
1967,AGAP006830,0,0,
1968,AGAP006831,0,0,
1969,AGAP006832,0,0,
1970,AGAP006833,0,0,
1971,AGAP006834,0,0,
1972,AGAP006835,0,0,
1973,AGAP006836,0,0,
1974,AGAP006837,0,0,
1975,AGAP006838,0,0,
1976,AGAP006839,0,0,
1977,AGAP006840,0,0,
1978,AGAP006841,0,0,
1979,AGAP006842,0,0,
1980,AGAP006843,0,0,
1981,AGAP006844,0,0,
1982,AGAP006845,0,0,
1983,AGAP006846,0,0,
1984,AGAP006847,0,0,
1985,AGAP006848,0,0,
1986,AGAP006849,0,0,
1987,AGAP006850,0,0,
1988,AGAP006851,0,0,
1989,AGAP006852,0,0,
1990,AGAP006853,0,0,
1991,AGAP006854,0,0,
1992,AGAP006855,0,0,
1993,AGAP006856,0,0,
1994,AGAP006857,0,0,
1995,AGAP006858,0,0,
1996,AGAP006859,0,0,
1997,AGAP006860,0,0,
1998,AGAP006861,0,0,
1999,AGAP006862,0,0,
2000,AGAP006863,0,0,
2001,AGAP006864,0,0,
2002,AGAP006865,0,0,
2003,AGAP006866,0,0,
2004,AGAP006867,0,0,
2005,AGAP006868,0,0,
2006,AGAP006869,0,0,
2007,AGAP006870,0,0,
2008,AGAP006871,0,0,
2009,AGAP006872,0,0,
2010,AGAP006873,1,0,0.0
2011,AGAP006874,0,0,
2012,AGAP006875,0,0,
2013,AGAP006876,1,0,0.0
2014,AGAP006877,0,0,
2015,AGAP006878,0,0,
2016,AGAP006879,7,0,0.0
2017,AGAP006880,1,1,1.0
2018,AGAP006881,1,0,0.0
2019,AGAP006882,0,0,
2020,AGAP006883,1,1,1.0
2021,AGAP006884,1,0,0.0
2022,AGAP006885,4,1,0.25
2023,AGAP006886,0,0,
2024,AGAP006887,0,0,
2025,AGAP006888,1,1,1.0
2026,AGAP006889,2,0,0.0
2027,AGAP006890,0,0,
2028,AGAP006891,0,0,
2029,AGAP006892,1,0,0.0
2030,AGAP006893,4,0,0.0
2031,AGAP006894,1,0,0.0
2032,AGAP006895,0,0,
2033,AGAP006896,0,0,
2034,AGAP006897,0,0,
2035,AGAP006898,0,0,
2036,AGAP006899,0,0,
2037,AGAP006900,1,0,0.0
2038,AGAP006901,5,0,0.0
2039,AGAP006902,7,0,0.0
2040,AGAP006903,0,0,
2041,AGAP006904,1,0,0.0
2042,AGAP006905,0,0,
2043,AGAP006906,1,0,0.0
2044,AGAP006907,0,0,
2045,AGAP006908,1,0,0.0
2046,AGAP006909,0,0,
2047,AGAP006910,0,0,
2048,AGAP006911,0,0,
2049,AGAP006913,0,0,
2050,AGAP006914,0,0,
2051,AGAP006915,0,0,
2052,AGAP006916,0,0,
2053,AGAP006917,0,0,
2054,AGAP006918,0,0,
2055,AGAP006920,0,0,
2056,AGAP006921,0,0,
2057,AGAP006922,0,0,
2058,AGAP006923,0,0,
2059,AGAP006924,0,0,
2060,AGAP006925,0,0,
2061,AGAP006926,0,0,
2062,AGAP006927,1,1,1.0
2063,AGAP006928,0,0,
2064,AGAP006929,1,1,1.0
2065,AGAP006930,0,0,
2066,AGAP006931,0,0,
2067,AGAP006932,0,0,
2068,AGAP006933,5,0,0.0
2069,AGAP006934,1,0,0.0
2070,AGAP006935,0,0,
2071,AGAP006936,0,0,
2072,AGAP006937,1,0,0.0
2073,AGAP006938,0,0,
2074,AGAP006939,1,1,1.0
2075,AGAP006940,0,0,
2076,AGAP006941,1,0,0.0
2077,AGAP006942,2,0,0.0
2078,AGAP006943,0,0,
2079,AGAP006944,0,0,
2080,AGAP006945,2,1,0.5
2081,AGAP006946,0,0,
2082,AGAP006947,0,0,
2083,AGAP006948,1,1,1.0
2084,AGAP006949,0,0,
2085,AGAP006950,0,0,
2086,AGAP006951,0,0,
2087,AGAP006952,0,0,
2088,AGAP006953,0,0,
2089,AGAP006954,0,0,
2090,AGAP006955,0,0,
2091,AGAP006956,0,0,
2092,AGAP006958,0,0,
2093,AGAP006959,0,0,
2094,AGAP006960,4,1,0.25
2095,AGAP006961,0,0,
2096,AGAP006962,0,0,
2097,AGAP006963,1,1,1.0
2098,AGAP006964,0,0,
2099,AGAP006965,1,0,0.0
2100,AGAP006966,1,0,0.0
2101,AGAP006967,4,1,0.25
2102,AGAP006968,8,0,0.0
2103,AGAP006969,1,0,0.0
2104,AGAP006970,0,0,
2105,AGAP006971,0,0,
2106,AGAP006972,0,0,
2107,AGAP006973,0,0,
2108,AGAP006974,4,0,0.0
2109,AGAP006975,0,0,
2110,AGAP006976,0,0,
2111,AGAP006977,6,0,0.0
2112,AGAP006978,0,0,
2113,AGAP006979,1,0,0.0
2114,AGAP006980,0,0,
2115,AGAP006981,0,0,
2116,AGAP006982,0,0,
2117,AGAP006983,0,0,
2118,AGAP006984,0,0,
2119,AGAP006985,0,0,
2120,AGAP006986,0,0,
2121,AGAP006988,1,0,0.0
2122,AGAP006989,4,0,0.0
2123,AGAP006990,1,0,0.0
2124,AGAP006991,0,0,
2125,AGAP006992,4,0,0.0
2126,AGAP006993,0,0,
2127,AGAP006994,2,0,0.0
2128,AGAP006995,1,0,0.0
2129,AGAP006996,1,0,0.0
2130,AGAP006997,1,0,0.0
2131,AGAP006998,1,0,0.0
2132,AGAP006999,2,0,0.0
2133,AGAP007000,0,0,
2134,AGAP007001,2,1,0.5
2135,AGAP007002,0,0,
2136,AGAP007003,1,0,0.0
2137,AGAP007004,0,0,
2138,AGAP007005,6,0,0.0
2139,AGAP007006,1,0,0.0
2140,AGAP007007,2,0,0.0
2141,AGAP007008,10,0,0.0
2142,AGAP007010,2,1,0.5
2143,AGAP007012,0,0,
2144,AGAP007013,0,0,
2145,AGAP007014,1,0,0.0
2146,AGAP007015,0,0,
2147,AGAP007016,0,0,
2148,AGAP007017,0,0,
2149,AGAP007018,0,0,
2150,AGAP007019,1,0,0.0
2151,AGAP007020,0,0,
2152,AGAP007021,0,0,
2153,AGAP007022,2,1,0.5
2154,AGAP007023,0,0,
2155,AGAP007024,0,0,
2156,AGAP007025,2,0,0.0
2157,AGAP007026,2,1,0.5
2158,AGAP007027,0,0,
2159,AGAP007028,2,0,0.0
2160,AGAP007029,0,0,
2161,AGAP007031,0,0,
2162,AGAP007032,1,1,1.0
2163,AGAP007033,0,0,
2164,AGAP007034,0,0,
2165,AGAP007035,0,0,
2166,AGAP007036,0,0,
2167,AGAP007037,0,0,
2168,AGAP007038,0,0,
2169,AGAP007039,0,0,
2170,AGAP007040,0,0,
2171,AGAP007041,1,0,0.0
2172,AGAP007042,0,0,
2173,AGAP007043,0,0,
2174,AGAP007044,0,0,
2175,AGAP007045,3,0,0.0
2176,AGAP007046,2,0,0.0
2177,AGAP007047,0,0,
2178,AGAP007048,0,0,
2179,AGAP007049,2,0,0.0
2180,AGAP007050,0,0,
2181,AGAP007051,0,0,
2182,AGAP007052,1,0,0.0
2183,AGAP007053,0,0,
2184,AGAP007054,0,0,
2185,AGAP007055,1,0,0.0
2186,AGAP007056,0,0,
2187,AGAP007057,0,0,
2188,AGAP007058,1,0,0.0
2189,AGAP007059,0,0,
2190,AGAP007060,0,0,
2191,AGAP007061,1,0,0.0
2192,AGAP007062,0,0,
2193,AGAP007063,2,0,0.0
2194,AGAP007064,0,0,
2195,AGAP007065,0,0,
2196,AGAP007066,0,0,
2197,AGAP007068,1,0,0.0
2198,AGAP007069,0,0,
2199,AGAP007070,2,0,0.0
2200,AGAP007071,0,0,
2201,AGAP007072,0,0,
2202,AGAP007073,0,0,
2203,AGAP007074,0,0,
2204,AGAP007075,0,0,
2205,AGAP007076,7,0,0.0
2206,AGAP007077,0,0,
2207,AGAP007078,2,0,0.0
2208,AGAP007079,0,0,
2209,AGAP007080,3,0,0.0
2210,AGAP007081,2,0,0.0
2211,AGAP007082,1,0,0.0
2212,AGAP007083,0,0,
2213,AGAP007084,4,0,0.0
2214,AGAP007085,3,1,0.3333333333333333
2215,AGAP007086,10,0,0.0
2216,AGAP007087,0,0,
2217,AGAP007088,0,0,
2218,AGAP007089,7,0,0.0
2219,AGAP007090,2,0,0.0
2220,AGAP007093,3,0,0.0
2221,AGAP007094,3,0,0.0
2222,AGAP007095,2,0,0.0
2223,AGAP007096,2,0,0.0
2224,AGAP007097,2,2,1.0
2225,AGAP007098,2,2,1.0
2226,AGAP007099,3,0,0.0
2227,AGAP007100,5,0,0.0
2228,AGAP007101,3,0,0.0
2229,AGAP007102,1,0,0.0
2230,AGAP007103,5,0,0.0
2231,AGAP007104,3,0,0.0
2232,AGAP007105,5,0,0.0
2233,AGAP007106,3,1,0.3333333333333333
2234,AGAP007107,3,0,0.0
2235,AGAP007108,4,0,0.0
2236,AGAP007109,0,0,
2237,AGAP007110,9,0,0.0
2238,AGAP007111,0,0,
2239,AGAP007112,1,0,0.0
2240,AGAP007113,4,0,0.0
2241,AGAP007114,17,0,0.0
2242,AGAP007115,1,0,0.0
2243,AGAP007116,0,0,
2244,AGAP007117,0,0,
2245,AGAP007118,4,1,0.25
2246,AGAP007119,1,0,0.0
2247,AGAP007120,0,0,
2248,AGAP007121,7,1,0.14285714285714285
2249,AGAP007122,2,0,0.0
2250,AGAP007123,2,0,0.0
2251,AGAP007124,3,0,0.0
2252,AGAP007125,2,0,0.0
2253,AGAP007126,1,1,1.0
2254,AGAP007127,8,0,0.0
2255,AGAP007128,3,0,0.0
2256,AGAP007130,7,0,0.0
2257,AGAP007131,0,0,
2258,AGAP007133,0,0,
2259,AGAP007134,0,0,
2260,AGAP007135,0,0,
2261,AGAP007136,1,0,0.0
2262,AGAP007137,0,0,
2263,AGAP007138,3,0,0.0
2264,AGAP007139,1,0,0.0
2265,AGAP007140,0,0,
2266,AGAP007141,0,0,
2267,AGAP007142,0,0,
2268,AGAP007143,0,0,
2269,AGAP007144,0,0,
2270,AGAP007145,0,0,
2271,AGAP007146,0,0,
2272,AGAP007147,0,0,
2273,AGAP007148,0,0,
2274,AGAP007149,0,0,
2275,AGAP007150,0,0,
2276,AGAP007151,0,0,
2277,AGAP007152,0,0,
2278,AGAP007153,0,0,
2279,AGAP007154,0,0,
2280,AGAP007155,0,0,
2281,AGAP007156,0,0,
2282,AGAP007157,0,0,
2283,AGAP007158,0,0,
2284,AGAP007159,0,0,
2285,AGAP007160,0,0,
2286,AGAP007161,0,0,
2287,AGAP007162,0,0,
2288,AGAP007163,0,0,
2289,AGAP007164,0,0,
2290,AGAP007165,0,0,
2291,AGAP007166,0,0,
2292,AGAP007167,0,0,
2293,AGAP007168,0,0,
2294,AGAP007169,0,0,
2295,AGAP007170,0,0,
2296,AGAP007171,0,0,
2297,AGAP007172,0,0,
2298,AGAP007173,0,0,
2299,AGAP007174,0,0,
2300,AGAP007175,0,0,
2301,AGAP007176,0,0,
2302,AGAP007177,0,0,
2303,AGAP007178,0,0,
2304,AGAP007180,0,0,
2305,AGAP007181,0,0,
2306,AGAP007182,0,0,
2307,AGAP007187,0,0,
2308,AGAP007188,0,0,
2309,AGAP007189,0,0,
2310,AGAP007190,0,0,
2311,AGAP007191,0,0,
2312,AGAP007192,0,0,
2313,AGAP007193,0,0,
2314,AGAP007194,0,0,
2315,AGAP007195,0,0,
2316,AGAP007196,0,0,
2317,AGAP007197,0,0,
2318,AGAP007198,0,0,
2319,AGAP007199,0,0,
2320,AGAP007200,0,0,
2321,AGAP007201,0,0,
2322,AGAP007202,0,0,
2323,AGAP007203,0,0,
2324,AGAP007204,0,0,
2325,AGAP007205,0,0,
2326,AGAP007206,0,0,
2327,AGAP007207,0,0,
2328,AGAP007208,0,0,
2329,AGAP007209,0,0,
2330,AGAP007210,0,0,
2331,AGAP007211,0,0,
2332,AGAP007212,0,0,
2333,AGAP007213,0,0,
2334,AGAP007214,0,0,
2335,AGAP007215,0,0,
2336,AGAP007216,0,0,
2337,AGAP007217,0,0,
2338,AGAP007218,0,0,
2339,AGAP007219,0,0,
2340,AGAP007222,0,0,
2341,AGAP007223,0,0,
2342,AGAP007224,0,0,
2343,AGAP007225,0,0,
2344,AGAP007226,0,0,
2345,AGAP007227,0,0,
2346,AGAP007228,0,0,
2347,AGAP007229,0,0,
2348,AGAP007230,0,0,
2349,AGAP007231,0,0,
2350,AGAP007232,0,0,
2351,AGAP007233,0,0,
2352,AGAP007234,0,0,
2353,AGAP007235,0,0,
2354,AGAP007236,0,0,
2355,AGAP007237,0,0,
2356,AGAP007238,0,0,
2357,AGAP007239,0,0,
2358,AGAP007240,0,0,
2359,AGAP007241,0,0,
2360,AGAP007242,0,0,
2361,AGAP007243,0,0,
2362,AGAP007244,0,0,
2363,AGAP007245,0,0,
2364,AGAP007246,0,0,
2365,AGAP007247,0,0,
2366,AGAP007248,0,0,
2367,AGAP007249,1,0,0.0
2368,AGAP007250,0,0,
2369,AGAP007251,0,0,
2370,AGAP007252,0,0,
2371,AGAP007253,2,0,0.0
2372,AGAP007254,0,0,
2373,AGAP007255,0,0,
2374,AGAP007256,1,0,0.0
2375,AGAP007257,0,0,
2376,AGAP007258,0,0,
2377,AGAP007259,1,0,0.0
2378,AGAP007261,0,0,
2379,AGAP007262,0,0,
2380,AGAP007263,0,0,
2381,AGAP007264,0,0,
2382,AGAP007265,0,0,
2383,AGAP007266,0,0,
2384,AGAP007267,0,0,
2385,AGAP007268,0,0,
2386,AGAP007269,0,0,
2387,AGAP007270,0,0,
2388,AGAP007271,2,0,0.0
2389,AGAP007272,0,0,
2390,AGAP007273,0,0,
2391,AGAP007274,0,0,
2392,AGAP007275,0,0,
2393,AGAP007276,0,0,
2394,AGAP007279,0,0,
2395,AGAP007280,0,0,
2396,AGAP007281,0,0,
2397,AGAP007282,0,0,
2398,AGAP007283,0,0,
2399,AGAP007284,1,0,0.0
2400,AGAP007285,0,0,
2401,AGAP007286,0,0,
2402,AGAP007287,1,0,0.0
2403,AGAP007288,1,0,0.0
2404,AGAP007289,0,0,
2405,AGAP007290,0,0,
2406,AGAP007291,0,0,
2407,AGAP007292,8,0,0.0
2408,AGAP007293,4,0,0.0
2409,AGAP007294,0,0,
2410,AGAP007295,1,1,1.0
2411,AGAP007296,0,0,
2412,AGAP007297,0,0,
2413,AGAP007298,0,0,
2414,AGAP007299,0,0,
2415,AGAP007300,0,0,
2416,AGAP007301,0,0,
2417,AGAP007302,0,0,
2418,AGAP007303,0,0,
2419,AGAP007304,0,0,
2420,AGAP007305,0,0,
2421,AGAP007306,0,0,
2422,AGAP007307,1,0,0.0
2423,AGAP007308,0,0,
2424,AGAP007309,0,0,
2425,AGAP007312,0,0,
2426,AGAP007313,0,0,
2427,AGAP007314,0,0,
2428,AGAP007315,0,0,
2429,AGAP007316,0,0,
2430,AGAP007317,0,0,
2431,AGAP007318,0,0,
2432,AGAP007319,0,0,
2433,AGAP007320,0,0,
2434,AGAP007321,0,0,
2435,AGAP007322,0,0,
2436,AGAP007323,1,0,0.0
2437,AGAP007324,0,0,
2438,AGAP007325,0,0,
2439,AGAP007326,0,0,
2440,AGAP007327,7,0,0.0
2441,AGAP007328,0,0,
2442,AGAP007329,0,0,
2443,AGAP007330,0,0,
2444,AGAP007333,4,0,0.0
2445,AGAP007334,0,0,
2446,AGAP007335,2,0,0.0
2447,AGAP007336,15,0,0.0
2448,AGAP007337,4,0,0.0
2449,AGAP007338,2,0,0.0
2450,AGAP007339,1,0,0.0
2451,AGAP007342,18,4,0.2222222222222222
2452,AGAP007343,1,0,0.0
2453,AGAP007344,0,0,
2454,AGAP007345,0,0,
2455,AGAP007346,0,0,
2456,AGAP007347,3,0,0.0
2457,AGAP007348,4,0,0.0
2458,AGAP007349,9,0,0.0
2459,AGAP007350,0,0,
2460,AGAP007351,0,0,
2461,AGAP007352,0,0,
2462,AGAP007353,5,0,0.0
2463,AGAP007354,4,0,0.0
2464,AGAP007355,3,0,0.0
2465,AGAP007356,0,0,
2466,AGAP007357,4,0,0.0
2467,AGAP007358,0,0,
2468,AGAP007359,1,0,0.0
2469,AGAP007360,0,0,
2470,AGAP007361,7,3,0.42857142857142855
2471,AGAP007362,0,0,
2472,AGAP007363,1,0,0.0
2473,AGAP007364,1,1,1.0
2474,AGAP007365,2,2,1.0
2475,AGAP007366,3,2,0.6666666666666666
2476,AGAP007367,6,0,0.0
2477,AGAP007368,3,0,0.0
2478,AGAP007369,3,0,0.0
2479,AGAP007370,0,0,
2480,AGAP007371,1,0,0.0
2481,AGAP007372,0,0,
2482,AGAP007373,1,0,0.0
2483,AGAP007374,0,0,
2484,AGAP007375,1,0,0.0
2485,AGAP007376,1,0,0.0
2486,AGAP007377,2,0,0.0
2487,AGAP007378,9,0,0.0
2488,AGAP007379,1,1,1.0
2489,AGAP007380,2,0,0.0
2490,AGAP007381,0,0,
2491,AGAP007382,7,1,0.14285714285714285
2492,AGAP007383,0,0,
2493,AGAP007384,3,0,0.0
2494,AGAP007385,10,0,0.0
2495,AGAP007386,2,0,0.0
2496,AGAP007387,2,0,0.0
2497,AGAP007388,23,2,0.08695652173913043
2498,AGAP007389,2,0,0.0
2499,AGAP007390,4,0,0.0
2500,AGAP007391,2,1,0.5
2501,AGAP007392,2,0,0.0
2502,AGAP007393,0,0,
2503,AGAP007394,2,0,0.0
2504,AGAP007395,3,0,0.0
2505,AGAP007396,6,2,0.3333333333333333
2506,AGAP007397,0,0,
2507,AGAP007398,0,0,
2508,AGAP007399,0,0,
2509,AGAP007400,1,0,0.0
2510,AGAP007401,2,0,0.0
2511,AGAP007402,0,0,
2512,AGAP007403,0,0,
2513,AGAP007405,0,0,
2514,AGAP007406,3,1,0.3333333333333333
2515,AGAP007407,3,0,0.0
2516,AGAP007408,0,0,
2517,AGAP007409,0,0,
2518,AGAP007410,0,0,
2519,AGAP007411,2,0,0.0
2520,AGAP007412,1,1,1.0
2521,AGAP007413,11,0,0.0
2522,AGAP007414,1,0,0.0
2523,AGAP007415,0,0,
2524,AGAP007416,2,0,0.0
2525,AGAP007417,10,0,0.0
2526,AGAP007418,0,0,
2527,AGAP007419,0,0,
2528,AGAP007420,2,0,0.0
2529,AGAP007421,0,0,
2530,AGAP007422,9,1,0.1111111111111111
2531,AGAP007423,1,0,0.0
2532,AGAP007439,6,0,0.0
2533,AGAP007440,3,0,0.0
2534,AGAP007441,0,0,
2535,AGAP007442,0,0,
2536,AGAP007443,2,0,0.0
2537,AGAP007444,0,0,
2538,AGAP007445,14,0,0.0
2539,AGAP007446,2,0,0.0
2540,AGAP007449,0,0,
2541,AGAP007450,5,0,0.0
2542,AGAP007451,4,0,0.0
2543,AGAP007452,21,1,0.047619047619047616
2544,AGAP007453,1,0,0.0
2545,AGAP007454,3,0,0.0
2546,AGAP007455,2,0,0.0
2547,AGAP007456,2,0,0.0
2548,AGAP007457,0,0,
2549,AGAP007458,0,0,
2550,AGAP007459,1,0,0.0
2551,AGAP007460,2,0,0.0
2552,AGAP007461,5,0,0.0
2553,AGAP007462,0,0,
2554,AGAP007463,6,0,0.0
2555,AGAP007464,1,0,0.0
2556,AGAP007465,0,0,
2557,AGAP007466,7,0,0.0
2558,AGAP007467,0,0,
2559,AGAP007468,0,0,
2560,AGAP007469,1,0,0.0
2561,AGAP007470,0,0,
2562,AGAP007471,9,0,0.0
2563,AGAP007472,4,0,0.0
2564,AGAP007473,0,0,
2565,AGAP007474,17,0,0.0
2566,AGAP007475,2,0,0.0
2567,AGAP007476,1,0,0.0
2568,AGAP007477,0,0,
2569,AGAP007478,6,0,0.0
2570,AGAP007479,12,0,0.0
2571,AGAP007480,2,0,0.0
2572,AGAP007481,2,0,0.0
2573,AGAP007482,1,0,0.0
2574,AGAP007483,1,0,0.0
2575,AGAP007484,1,0,0.0
2576,AGAP007485,1,0,0.0
2577,AGAP007487,0,0,
2578,AGAP007489,3,0,0.0
2579,AGAP007490,0,0,
2580,AGAP007491,5,0,0.0
2581,AGAP007492,1,0,0.0
2582,AGAP007493,1,0,0.0
2583,AGAP007494,7,2,0.2857142857142857
2584,AGAP007497,0,0,
2585,AGAP007498,0,0,
2586,AGAP007499,2,0,0.0
2587,AGAP007500,0,0,
2588,AGAP007501,16,0,0.0
2589,AGAP007502,3,0,0.0
2590,AGAP007503,25,1,0.04
2591,AGAP007504,12,0,0.0
2592,AGAP007505,0,0,
2593,AGAP007506,0,0,
2594,AGAP007507,0,0,
2595,AGAP007508,2,0,0.0
2596,AGAP007509,12,1,0.08333333333333333
2597,AGAP007510,2,0,0.0
2598,AGAP007511,2,0,0.0
2599,AGAP007512,0,0,
2600,AGAP007513,0,0,
2601,AGAP007514,0,0,
2602,AGAP007515,0,0,
2603,AGAP007516,0,0,
2604,AGAP007517,0,0,
2605,AGAP007518,0,0,
2606,AGAP007519,0,0,
2607,AGAP007520,0,0,
2608,AGAP007521,0,0,
2609,AGAP007522,0,0,
2610,AGAP007523,0,0,
2611,AGAP007524,0,0,
2612,AGAP007525,0,0,
2613,AGAP007526,0,0,
2614,AGAP007528,0,0,
2615,AGAP007529,0,0,
2616,AGAP007530,0,0,
2617,AGAP007531,0,0,
2618,AGAP007532,0,0,
2619,AGAP007533,0,0,
2620,AGAP007534,0,0,
2621,AGAP007537,31,1,0.03225806451612903
2622,AGAP007538,2,0,0.0
2623,AGAP007539,1,1,1.0
2624,AGAP007540,1,0,0.0
2625,AGAP007541,0,0,
2626,AGAP007542,0,0,
2627,AGAP007543,0,0,
2628,AGAP007544,0,0,
2629,AGAP007545,8,1,0.125
2630,AGAP007546,0,0,
2631,AGAP007547,2,2,1.0
2632,AGAP007548,3,2,0.6666666666666666
2633,AGAP007549,5,0,0.0
2634,AGAP007550,0,0,
2635,AGAP007551,2,0,0.0
2636,AGAP007552,0,0,
2637,AGAP007553,4,1,0.25
2638,AGAP007554,0,0,
2639,AGAP007555,0,0,
2640,AGAP007556,8,0,0.0
2641,AGAP007557,0,0,
2642,AGAP007558,0,0,
2643,AGAP007559,0,0,
2644,AGAP007560,2,0,0.0
2645,AGAP007561,0,0,
2646,AGAP007562,4,0,0.0
2647,AGAP007563,32,1,0.03125
2648,AGAP007564,0,0,
2649,AGAP007565,2,1,0.5
2650,AGAP007566,0,0,
2651,AGAP007567,13,0,0.0
2652,AGAP007568,6,0,0.0
2653,AGAP007569,6,0,0.0
2654,AGAP007570,3,0,0.0
2655,AGAP007571,7,2,0.2857142857142857
2656,AGAP007572,3,0,0.0
2657,AGAP007573,35,4,0.11428571428571428
2658,AGAP007574,1,0,0.0
2659,AGAP007575,1,0,0.0
2660,AGAP007576,7,0,0.0
2661,AGAP007577,1,0,0.0
2662,AGAP007578,8,0,0.0
2663,AGAP007579,0,0,
2664,AGAP007580,2,0,0.0
2665,AGAP007581,3,0,0.0
2666,AGAP007582,11,2,0.18181818181818182
2667,AGAP007584,5,0,0.0
2668,AGAP007585,16,4,0.25
2669,AGAP007586,13,1,0.07692307692307693
2670,AGAP007587,33,0,0.0
2671,AGAP007588,17,0,0.0
2672,AGAP007589,16,0,0.0
2673,AGAP007590,22,0,0.0
2674,AGAP007591,4,0,0.0
2675,AGAP007592,60,0,0.0
2676,AGAP007593,18,0,0.0
2677,AGAP007594,5,0,0.0
2678,AGAP007595,17,1,0.058823529411764705
2679,AGAP007596,16,0,0.0
2680,AGAP007597,2,0,0.0
2681,AGAP007598,8,0,0.0
2682,AGAP007599,5,1,0.2
2683,AGAP007600,32,1,0.03125
2684,AGAP007601,8,0,0.0
2685,AGAP007602,0,0,
2686,AGAP007603,6,0,0.0
2687,AGAP007604,14,1,0.07142857142857142
2688,AGAP007605,69,0,0.0
2689,AGAP007606,9,0,0.0
2690,AGAP007607,23,0,0.0
2691,AGAP007608,36,2,0.05555555555555555
2692,AGAP007609,16,2,0.125
2693,AGAP007610,10,0,0.0
2694,AGAP007611,46,0,0.0
2695,AGAP007612,32,0,0.0
2696,AGAP007613,1,0,0.0
2697,AGAP007614,0,0,
2698,AGAP007615,1,0,0.0
2699,AGAP007616,10,0,0.0
2700,AGAP007617,4,0,0.0
2701,AGAP007618,0,0,
2702,AGAP007619,1,0,0.0
2703,AGAP007620,3,1,0.3333333333333333
2704,AGAP007621,0,0,
2705,AGAP007622,3,0,0.0
2706,AGAP007623,14,2,0.14285714285714285
2707,AGAP007624,3,1,0.3333333333333333
2708,AGAP007625,5,0,0.0
2709,AGAP007626,0,0,
2710,AGAP007627,5,0,0.0
2711,AGAP007628,7,0,0.0
2712,AGAP007629,8,3,0.375
2713,AGAP007630,1,0,0.0
2714,AGAP007631,5,0,0.0
2715,AGAP007632,4,0,0.0
2716,AGAP007633,7,1,0.14285714285714285
2717,AGAP007634,4,1,0.25
2718,AGAP007635,4,0,0.0
2719,AGAP007636,70,5,0.07142857142857142
2720,AGAP007637,14,4,0.2857142857142857
2721,AGAP007638,14,1,0.07142857142857142
2722,AGAP007639,0,0,
2723,AGAP007640,127,12,0.09448818897637795
2724,AGAP007641,8,0,0.0
2725,AGAP007642,29,4,0.13793103448275862
2726,AGAP007643,3,0,0.0
2727,AGAP007644,3,0,0.0
2728,AGAP007645,68,0,0.0
2729,AGAP007646,39,2,0.05128205128205128
2730,AGAP007647,16,1,0.0625
2731,AGAP007648,28,0,0.0
2732,AGAP007649,9,0,0.0
2733,AGAP007650,20,0,0.0
2734,AGAP007651,12,0,0.0
2735,AGAP007652,5,0,0.0
2736,AGAP007653,13,2,0.15384615384615385
2737,AGAP007654,39,0,0.0
2738,AGAP007655,12,0,0.0
2739,AGAP007656,17,0,0.0
2740,AGAP007657,37,0,0.0
2741,AGAP007658,7,0,0.0
2742,AGAP007659,15,0,0.0
2743,AGAP007660,11,0,0.0
2744,AGAP007661,14,1,0.07142857142857142
2745,AGAP007662,14,0,0.0
2746,AGAP007663,5,0,0.0
2747,AGAP007664,5,0,0.0
2748,AGAP007665,13,0,0.0
2749,AGAP007666,4,1,0.25
2750,AGAP007667,26,1,0.038461538461538464
2751,AGAP007668,6,0,0.0
2752,AGAP007669,10,0,0.0
2753,AGAP007670,7,0,0.0
2754,AGAP007671,5,0,0.0
2755,AGAP007672,15,0,0.0
2756,AGAP007673,2,0,0.0
2757,AGAP007674,8,0,0.0
2758,AGAP007675,128,0,0.0
2759,AGAP007676,27,0,0.0
2760,AGAP007677,23,0,0.0
2761,AGAP007678,2,0,0.0
2762,AGAP007679,10,0,0.0
2763,AGAP007682,21,0,0.0
2764,AGAP007683,8,0,0.0
2765,AGAP007684,10,0,0.0
2766,AGAP007685,19,2,0.10526315789473684
2767,AGAP007686,1,0,0.0
2768,AGAP007687,3,1,0.3333333333333333
2769,AGAP007688,9,0,0.0
2770,AGAP007689,0,0,
2771,AGAP007690,4,0,0.0
2772,AGAP007691,6,0,0.0
2773,AGAP007692,0,0,
2774,AGAP007693,2,0,0.0
2775,AGAP007694,0,0,
2776,AGAP007695,0,0,
2777,AGAP007696,2,0,0.0
2778,AGAP007698,0,0,
2779,AGAP007699,0,0,
2780,AGAP007700,1,0,0.0
2781,AGAP007701,0,0,
2782,AGAP007702,4,0,0.0
2783,AGAP007703,1,0,0.0
2784,AGAP007704,6,0,0.0
2785,AGAP007705,2,0,0.0
2786,AGAP007706,0,0,
2787,AGAP007707,2,0,0.0
2788,AGAP007710,0,0,
2789,AGAP007711,1,0,0.0
2790,AGAP007712,3,0,0.0
2791,AGAP007713,5,0,0.0
2792,AGAP007714,4,0,0.0
2793,AGAP007717,3,0,0.0
2794,AGAP007718,1,0,0.0
2795,AGAP007719,0,0,
2796,AGAP007720,2,0,0.0
2797,AGAP007721,0,0,
2798,AGAP007722,0,0,
2799,AGAP007723,2,0,0.0
2800,AGAP007724,0,0,
2801,AGAP007725,1,1,1.0
2802,AGAP007726,8,0,0.0
2803,AGAP007727,5,0,0.0
2804,AGAP007728,6,0,0.0
2805,AGAP007729,0,0,
2806,AGAP007730,0,0,
2807,AGAP013092,0,0,
2808,AGAP013107,0,0,
2809,AGAP013138,0,0,
2810,AGAP013141,0,0,
2811,AGAP013197,11,0,0.0
2812,AGAP013228,0,0,
2813,AGAP013248,1,0,0.0
2814,AGAP013280,3,0,0.0
2815,AGAP013291,0,0,
2816,AGAP013364,0,0,
2817,AGAP013401,0,0,
2818,AGAP013488,0,0,
2819,AGAP013544,5,0,0.0
2820,AGAP013546,1,0,0.0
2821,AGAP013557,0,0,
2822,AGAP013592,0,0,
2823,AGAP013627,0,0,
2824,AGAP013675,0,0,
2825,AGAP013689,0,0,
2826,AGAP028053,1,0,0.0
2827,AGAP028129,0,0,
2828,AGAP028210,0,0,
2829,AGAP028241,0,0,
2830,AGAP028260,0,0,
2831,AGAP028301,0,0,
2832,AGAP028354,0,0,
2833,AGAP028395,0,0,
2834,AGAP028396,0,0,
2835,AGAP028397,0,0,
2836,AGAP028398,0,0,
2837,AGAP028399,6,0,0.0
2838,AGAP028400,3,0,0.0
2839,AGAP028401,0,0,
2840,AGAP028425,5,1,0.2
2841,AGAP028428,1,0,0.0
2842,AGAP028429,0,0,
2843,AGAP028431,0,0,
2844,AGAP028432,1,0,0.0
2845,AGAP028433,1,0,0.0
2846,AGAP028434,0,0,
2847,AGAP028435,0,0,
2848,AGAP028436,1,0,0.0
2849,AGAP028437,7,0,0.0
2850,AGAP028438,1,0,0.0
2851,AGAP028439,0,0,
2852,AGAP028440,1,1,1.0
2853,AGAP028441,0,0,
2854,AGAP028442,1,0,0.0
2855,AGAP028444,3,0,0.0
2856,AGAP028445,7,0,0.0
2857,AGAP028446,0,0,
2858,AGAP028447,0,0,
2859,AGAP028448,2,0,0.0
2860,AGAP028449,0,0,
2861,AGAP028450,0,0,
2862,AGAP028452,1,1,1.0
2863,AGAP028453,1,0,0.0
2864,AGAP028454,1,0,0.0
2865,AGAP028455,0,0,
2866,AGAP028456,7,0,0.0
2867,AGAP028457,0,0,
2868,AGAP028458,0,0,
2869,AGAP028459,0,0,
2870,AGAP028460,2,0,0.0
2871,AGAP028461,5,0,0.0
2872,AGAP028462,0,0,
2873,AGAP028463,0,0,
2874,AGAP028464,0,0,
2875,AGAP028465,0,0,
2876,AGAP028466,13,4,0.3076923076923077
2877,AGAP028605,6,0,0.0
2878,AGAP028607,0,0,
2879,AGAP028608,1,0,0.0
2880,AGAP028658,0,0,
2881,AGAP028659,0,0,
2882,AGAP028665,4,0,0.0
2883,AGAP028666,0,0,
2884,AGAP028731,0,0,
2885,AGAP028732,0,0,
2886,AGAP028733,2,0,0.0
2887,AGAP028734,1,0,0.0
2888,AGAP028735,1,0,0.0
2889,AGAP028754,0,0,
2890,AGAP028755,0,0,
2891,AGAP028756,0,0,
2892,AGAP028757,0,0,
2893,AGAP028758,0,0,
2894,AGAP028759,0,0,
2895,AGAP028760,0,0,
2896,AGAP028761,0,0,
2897,AGAP028762,0,0,
2898,AGAP028981,0,0,
2899,AGAP028999,0,0,
2900,AGAP029000,0,0,
2901,AGAP029009,0,0,
2902,AGAP029010,0,0,
2903,AGAP029011,0,0,
2904,AGAP029012,0,0,
2905,AGAP029013,0,0,
2906,AGAP029014,0,0,
2907,AGAP029015,0,0,
2908,AGAP029016,0,0,
2909,AGAP029017,0,0,
2910,AGAP029018,0,0,
2911,AGAP029019,0,0,
2912,AGAP029020,0,0,
2913,AGAP029021,0,0,
2914,AGAP029022,0,0,
2915,AGAP029023,0,0,
2916,AGAP029024,0,0,
2917,AGAP029025,0,0,
2918,AGAP029026,0,0,
2919,AGAP029027,0,0,
2920,AGAP029046,0,0,
2921,AGAP029058,0,0,
2922,AGAP029069,2,0,0.0
2923,AGAP029078,5,0,0.0
2924,AGAP029091,0,0,
2925,AGAP029102,0,0,
2926,AGAP029106,4,0,0.0
2927,AGAP029111,12,0,0.0
2928,AGAP029113,3,0,0.0
2929,AGAP029116,0,0,
2930,AGAP029121,6,2,0.3333333333333333
2931,AGAP029130,0,0,
2932,AGAP029136,0,0,
2933,AGAP029137,1,0,0.0
2934,AGAP029142,0,0,
2935,AGAP029154,3,0,0.0
2936,AGAP029158,0,0,
2937,AGAP029170,0,0,
2938,AGAP029171,0,0,
2939,AGAP029172,0,0,
2940,AGAP029185,0,0,
2941,AGAP029187,2,0,0.0
2942,AGAP029191,10,0,0.0
2943,AGAP029222,0,0,
2944,AGAP029223,1,0,0.0
2945,AGAP029224,2,0,0.0
2946,AGAP029225,0,0,
2947,AGAP029226,0,0,
2948,AGAP029227,1,0,0.0
2949,AGAP029228,0,0,
2950,AGAP029229,0,0,
2951,AGAP029230,0,0,
2952,AGAP029231,11,0,0.0
2953,AGAP029232,0,0,
2954,AGAP029233,2,0,0.0
2955,AGAP029236,8,0,0.0
2956,AGAP029336,1,0,0.0
2957,AGAP029337,0,0,
2958,AGAP029338,0,0,
2959,AGAP029339,0,0,
2960,AGAP029340,1,0,0.0
2961,AGAP029341,0,0,
2962,AGAP029342,0,0,
2963,AGAP029343,1,0,0.0
2964,AGAP029344,0,0,
2965,AGAP029345,0,0,
2966,AGAP029346,2,0,0.0
2967,AGAP029347,0,0,
2968,AGAP029348,3,0,0.0
2969,AGAP029349,0,0,
2970,AGAP029350,0,0,
2971,AGAP029351,3,1,0.3333333333333333
2972,AGAP029352,5,0,0.0
2973,AGAP029353,0,0,
2974,AGAP029354,1,0,0.0
2975,AGAP029355,0,0,
2976,AGAP029356,1,0,0.0
2977,AGAP029357,0,0,
2978,AGAP029358,8,0,0.0
2979,AGAP029359,0,0,
2980,AGAP029360,0,0,
2981,AGAP029361,0,0,
2982,AGAP029362,2,0,0.0
2983,AGAP029363,6,0,0.0
2984,AGAP029364,1,0,0.0
2985,AGAP029365,1,1,1.0
2986,AGAP029366,0,0,
2987,AGAP029367,6,0,0.0
2988,AGAP029368,2,0,0.0
2989,AGAP029369,0,0,
2990,AGAP029370,0,0,
2991,AGAP029371,0,0,
2992,AGAP029372,1,0,0.0
2993,AGAP029373,0,0,
2994,AGAP029374,0,0,
2995,AGAP029446,2,0,0.0
2996,AGAP029450,5,0,0.0
2997,AGAP029458,0,0,
2998,AGAP029462,6,2,0.3333333333333333
2999,AGAP029465,52,0,0.0
3000,AGAP029473,5,0,0.0
3001,AGAP029475,9,0,0.0
3002,AGAP029478,1,0,0.0
3003,AGAP029484,1,0,0.0
3004,AGAP029489,0,0,
3005,AGAP029497,3,0,0.0
3006,AGAP029504,0,0,
3007,AGAP029512,0,0,
3008,AGAP029520,0,0,
3009,AGAP029521,19,0,0.0
3010,AGAP029523,35,0,0.0
3011,AGAP029526,0,0,
3012,AGAP029528,3,0,0.0
3013,AGAP029530,0,0,
3014,AGAP029540,5,0,0.0
3015,AGAP029541,1,0,0.0
3016,AGAP029549,3,0,0.0
3017,AGAP029552,1,0,0.0
3018,AGAP029559,3,0,0.0
3019,AGAP029578,5,0,0.0
3020,AGAP029579,3,1,0.3333333333333333
3021,AGAP029584,0,0,
3022,AGAP029598,9,0,0.0
3023,AGAP029615,1,0,0.0
3024,AGAP029629,5,0,0.0
3025,AGAP029634,0,0,
3026,AGAP029656,0,0,
3027,AGAP029664,4,0,0.0
3028,AGAP029667,1,0,0.0
3029,AGAP029668,18,0,0.0
3030,AGAP029687,6,0,0.0
3031,AGAP029688,0,0,
3032,AGAP029689,0,0,
3033,AGAP029690,0,0,
3034,AGAP029691,0,0,
3035,AGAP029692,2,0,0.0
3036,AGAP029693,0,0,
3037,AGAP029694,0,0,
3038,AGAP029695,0,0,
3039,AGAP029696,0,0,
3040,AGAP029697,0,0,
3041,AGAP029698,1,0,0.0
3042,AGAP029699,1,0,0.0
3043,AGAP029700,3,0,0.0
3044,AGAP029701,2,0,0.0
3045,AGAP029702,1,0,0.0
3046,AGAP029793,1,0,0.0
3047,AGAP029794,0,0,
3048,AGAP029795,0,0,
3049,AGAP029796,2,0,0.0
3050,AGAP029797,0,0,
3051,AGAP029798,0,0,
3052,AGAP029807,1,0,0.0
3053,AGAP029809,0,0,
3054,AGAP029811,0,0,
3055,AGAP029812,4,0,0.0
3056,AGAP029813,37,0,0.0
3057,AGAP029814,0,0,
3058,AGAP029816,1,0,0.0
3059,AGAP029817,0,0,
3060,AGAP029818,2,0,0.0
3061,AGAP029819,0,0,
3062,AGAP029820,0,0,
3063,AGAP029821,0,0,
3064,AGAP029822,0,0,
3065,AGAP029823,0,0,
3066,AGAP029824,0,0,
3067,AGAP029825,0,0,
3068,AGAP029834,1,0,0.0
3069,AGAP029835,6,0,0.0
3070,AGAP029836,0,0,
3071,AGAP029837,0,0,
3072,AGAP029838,1,0,0.0
3073,AGAP029839,0,0,
3074,AGAP029840,0,0,
3075,AGAP029841,0,0,
3076,AGAP029842,0,0,
3077,AGAP029843,1,0,0.0
3078,AGAP029844,0,0,
3079,AGAP029845,6,0,0.0
3080,AGAP029846,0,0,
3081,AGAP029847,0,0,
3082,AGAP029848,0,0,
3083,AGAP029849,0,0,
3084,AGAP029850,0,0,
3085,AGAP029851,2,0,0.0
3086,AGAP029852,0,0,
3087,AGAP029853,0,0,
3088,AGAP029854,0,0,
3089,AGAP029855,3,1,0.3333333333333333
3090,AGAP029856,1,0,0.0
3091,AGAP029857,2,0,0.0
3092,AGAP029858,0,0,
3093,AGAP029859,0,0,
3094,AGAP029860,0,0,
3095,AGAP029861,0,0,
3096,AGAP029895,1,0,0.0
3097,AGAP029896,4,0,0.0
3098,AGAP029898,4,0,0.0
3099,AGAP029900,0,0,
3100,AGAP029903,1,0,0.0
3101,AGAP029910,1,0,0.0
3102,AGAP029913,2,0,0.0
